Workbook

Sheet Board GX
A1: XFORCE EMS - ENGINEERING BOM RELEASE TEMPLATE
A2: Project Name | D2: CAMBOX V4- RK3562 | I2: PCB Rev | J2: Gerber_CAMBOX_GX_lot500_2505 | N2: Dessigned By | Q2: Đỗ Việt Đức | U2: Customer | W2: VNET
A3: Product Name | D3: CAMBOX V4- RK3562 | I3: BOM Rev | J3: BOM_CameraBox_2026-04-14 2205 | N3: Approved By | Q3: Cấn Văn Lịch | U3: Modified Date
A4: Board Name | D4: Board GX | I4: Lot Qty | J4: 500 | N4: Date Created | Q4: 46168 | U4: Change Ref / ECN No. | W4: Change Ref: BOM_CameraBox_2026-04-14 new 250526.xlsx
C5: select | D5: fcn | E5: fcn | F5: fcn | G5: must fill | H5: select | I5: must fill | J5: must fill | K5: select | L5: select | N5: must fill | O5: fcn | P5: fcn | Q5: must fill | R5: must fill | S5: must fill | T5: must fill | U5: select | V5: select | W5: select | X5: select | Y5: select | AA5: must fill | AG5: Lịch CV rà soát
A6: No | B6: PivotCol | C6: BOM Level | D6: Board Name | E6: PCB Rev | F6: BOM Rev | G6: RefDes | H6: Category | I6: Description | J6: Package / Footprint | K6: Mounting type | L6: Mount Status' | M6: Unit | N6: Qty/Set | O6: Board Qty | P6: Total Engineer Qty | Q6: Manufacturer 1 | R6: PN1 | S6: Manufacturer 2 | T6: PN2 | U6: AVL Status | V6: Substitution Rule | W6: Critical Level | X6: Release Status | Y6: Supply Type | Z6: Internal Code | AA6: Ref Supplier | AB6: Engineer Note | AC6: Change Note | AD6: Ref Link / Datasheet | AE6: SL đã có trong kho chị HÀ | AF6: SL cần mua | AG6: SL VNET Đã Bàn Giao CHO XFORCE | AH6: SL VNET dự kiến Bàn giao lần 2 | AI6: SL XF EMS đã mua bổ sung đợt 1 | AJ6: SL cần mua bổ sung đợt 2
A7: =ROW()-6 -> 1 | B7: =R7 -> C0603X5R105K500NT | C7: L1-PCBA | D7: =$D$4 -> Board GX | E7: =$J$2 -> Gerber_CAMBOX_GX_lot500_2505 | F7: =$J$3 -> BOM_CameraBox_2026-04-14 2205 | G7: C1, C2, C3, C4 | H7: Capacitor | I7: CAP CER 1UF 50V X5R 0603 | J7: 0603 | K7: SMD | L7: Mounted | M7: pcs | N7: 4 | O7: =$J$4 -> 500 | P7: =IF($N7="","",$N7*$O7) -> 2000 | Q7: Hottech | R7: C0603X5R105K500NT | S7: Samsung Electro-Mechanics | T7: CL10A105KB8NNNC | U7: Approved | V7: Approval Required | W7: Normal / Low | X7: Released | Y7: XFEMS Buy | AA7: LCSC | AE7: 0 | AF7: =P7-AE7 -> 2000 | AH7: =VLOOKUP(B7,'VNET-XF_dự kiến lần 2'!$B$2:$D$42,3,0)-VLOOKUP(B7,'Board RK3562'!$B$7:$AH$149,33,0) -> 0 | AI7: 0 | AJ7: =P7-SUM(AG7:AI7) -> 2000
A8: =ROW()-6 -> 2 | B8: =R8 -> 3.0-2*2A | C8: L1-PCBA | D8: =$D$4 -> Board GX | E8: =$J$2 -> Gerber_CAMBOX_GX_lot500_2505 | F8: =$J$3 -> BOM_CameraBox_2026-04-14 2205 | G8: J7, J9, J10, J11, J12, J13 | H8: Connector | I8: 2x2P 4P Micro-Fit(MX 3.0) 3mm 2 2 3mm Direct Insert Plugin,P=3mm Wire To Board Connector ROHS | K8: SMD | L8: Mounted | M8: pcs | N8: 6 | O8: =$J$4 -> 500 | P8: =IF($N8="","",$N8*$O8) -> 3000 | Q8: BOOMELE(Boom Precision Elec) | R8: 3.0-2*2A | U8: Approved | V8: Approval Required | W8: Normal / Low | X8: Released | Y8: XFEMS Buy | AA8: LCSC | AE8: 3125 | AF8: =P8-AE8 -> -125 | AI8: 0 | AJ8: =P8-SUM(AG8:AI8) -> 3000
A9: =ROW()-6 -> 3 | B9: =R9 -> X4621WRS-2x06I-C40D64 | C9: L1-PCBA | D9: =$D$4 -> Board GX | E9: =$J$2 -> Gerber_CAMBOX_GX_lot500_2505 | F9: =$J$3 -> BOM_CameraBox_2026-04-14 2205 | G9: J8, J14, J15 | H9: Connector | I9: 2x6P 12P Gold Brass -40℃~+105℃ Pin Header Black 2mm 2mm 250V 3A 2 2mm SMD,P=2mm Headers, Male Pins ROHS | K9: SMD | L9: Mounted | M9: pcs | N9: 3 | O9: =$J$4 -> 500 | P9: =IF($N9="","",$N9*$O9) -> 1500 | Q9: XKB Connection | R9: X4621WRS-2x06I-C40D64 | S9: XKB Connection | T9: X4621WRS-2x03I-C40D64 | U9: Approved | V9: Approval Required | W9: Normal / Low | X9: Released | Y9: XFEMS Buy | AA9: LCSC | AE9: 1500 | AF9: =P9-AE9 -> 0 | AI9: 0 | AJ9: =P9-SUM(AG9:AI9) -> 1500
A10: =ROW()-6 -> 4 | B10: =R10 -> SI2333CDS | C10: L1-PCBA | D10: =$D$4 -> Board GX | E10: =$J$2 -> Gerber_CAMBOX_GX_lot500_2505 | F10: =$J$3 -> BOM_CameraBox_2026-04-14 2205 | G10: Q1, Q2, Q5, Q6 | H10: MOSFET | I10: SOT-23-3 MOSFETs P-Chanel ROHS | K10: SMD | L10: Mounted | M10: pcs | N10: 4 | O10: =$J$4 -> 500 | P10: =IF($N10="","",$N10*$O10) -> 2000 | Q10: TECH PUBLIC | R10: SI2333CDS | U10: Approved | V10: Approval Required | W10: Normal / Low | X10: Released | Y10: XFEMS Buy | AA10: LCSC | AB10: VNET bàn giao tổng cộng 3470pcs, mạch RK3562 cần 3000pcs, mạch GX cần 2000pcs | AE10: 1500 | AF10: =P10-AE10 -> 500 | AG10: =VLOOKUP(B10,'VNET-XF-2105'!$B$12:$D$145,3,0)-VLOOKUP(B10,'Board RK3562'!$R$7:$AG$149,16,0) -> 0 | AH10: =VLOOKUP(B10,'VNET-XF_dự kiến lần 2'!$B$2:$D$42,3,0)-VLOOKUP(B10,'Board RK3562'!$B$7:$AH$149,33,0) -> 470 | AI10: 0 | AJ10: =P10-SUM(AG10:AI10) -> 1530
A11: =ROW()-6 -> 5 | B11: =R11 -> RC0402FR-0710KL | C11: L1-PCBA | D11: =$D$4 -> Board GX | E11: =$J$2 -> Gerber_CAMBOX_GX_lot500_2505 | F11: =$J$3 -> BOM_CameraBox_2026-04-14 2205 | G11: R1, R2, R7, R8, | H11: Resistor | I11: 62.5mW Thick Film Resistor 50V ±100ppm/℃ ±1% 10kΩ 0402 Chip Resistor - Surface Mount ROHS | J11: 0402 | K11: SMD | L11: Mounted | M11: pcs | N11: 4 | O11: =$J$4 -> 500 | P11: =IF($N11="","",$N11*$O11) -> 2000 | Q11: Yageo | R11: RC0402FR-0710KL | U11: Approved | V11: Approval Required | W11: Normal / Low | X11: Released | Y11: XFEMS Buy | AA11: LCSC | AE11: 2000 | AF11: =P11-AE11 -> 0 | AG11: =VLOOKUP(B11,'VNET-XF-2105'!$B$12:$D$145,3,0)-VLOOKUP(B11,'Board RK3562'!$R$7:$AG$149,16,0) -> 1090 | AI11: 0 | AJ11: =P11-SUM(AG11:AI11) -> 910
A12: =ROW()-6 -> 6 | B12: =R12 -> RC0402FR-074K7L | C12: L1-PCBA | D12: =$D$4 -> Board GX | E12: =$J$2 -> Gerber_CAMBOX_GX_lot500_2505 | F12: =$J$3 -> BOM_CameraBox_2026-04-14 2205 | G12: R3, R4, R9, R10 | H12: Resistor | I12: 62.5mW Thick Film Resistors 50V ±100ppm/℃ ±1% 4.7kΩ 0402 Chip Resistor - Surface Mount ROHS | J12: 0402 | K12: SMD | L12: Mounted | M12: pcs | N12: 4 | O12: =$J$4 -> 500 | P12: =IF($N12="","",$N12*$O12) -> 2000 | Q12: Yageo | R12: RC0402FR-074K7L | U12: Approved | V12: Approval Required | W12: Normal / Low | X12: Released | Y12: XFEMS Buy | AA12: LCSC | AE12: 0 | AF12: =P12-AE12 -> 2000 | AG12: =VLOOKUP(B12,'VNET-XF-2105'!$B$12:$D$145,3,0)-VLOOKUP(B12,'Board RK3562'!$R$7:$AG$149,16,0) -> 0 | AH12: =VLOOKUP(B12,'VNET-XF_dự kiến lần 2'!$B$2:$D$42,3,0)-VLOOKUP(B12,'Board RK3562'!$B$7:$AH$149,33,0) -> 1805 | AI12: 0 | AJ12: =P12-SUM(AG12:AI12) -> 195
A13: =ROW()-6 -> 7 | B13: =R13 -> RC0402FR-0747KL | C13: L1-PCBA | D13: =$D$4 -> Board GX | E13: =$J$2 -> Gerber_CAMBOX_GX_lot500_2505 | F13: =$J$3 -> BOM_CameraBox_2026-04-14 2205 | G13: R5, R6, R11, R12 | H13: Resistor | I13: 62.5mW Thick Film Resistor 50V ±100ppm/℃ ±1% 47kΩ 0402 Chip Resistor - Surface Mount ROHS | J13: 0402 | K13: SMD | L13: Mounted | M13: pcs | N13: 4 | O13: =$J$4 -> 500 | P13: =IF($N13="","",$N13*$O13) -> 2000 | Q13: Yageo | R13: RC0402FR-0747KL | U13: Approved | V13: Approval Required | W13: Normal / Low | X13: Released | Y13: XFEMS Buy | AA13: LCSC | AE13: 1500 | AF13: =P13-AE13 -> 500 | AG13: =VLOOKUP(B13,'VNET-XF-2105'!$B$12:$D$145,3,0)-VLOOKUP(B13,'Board RK3562'!$R$7:$AG$149,16,0) -> 420 | AH13: =VLOOKUP(B13,'VNET-XF_dự kiến lần 2'!$B$2:$D$42,3,0)-VLOOKUP(B13,'Board RK3562'!$B$7:$AH$149,33,0) -> 500 | AI13: 0 | AJ13: =P13-SUM(AG13:AI13) -> 1080
A14: =ROW()-6 -> 8 | B14: =R14 -> MMBTA05LT1G | C14: L1-PCBA | D14: =$D$4 -> Board GX | E14: =$J$2 -> Gerber_CAMBOX_GX_lot500_2505 | F14: =$J$3 -> BOM_CameraBox_2026-04-14 2205 | G14: Q3, Q4, Q7, Q8 | H14: Transistor | I14: TRANS NPN 60V 0.5A SOT23 | K14: SMD | L14: Mounted | M14: pcs | N14: 4 | O14: =$J$4 -> 500 | P14: =IF($N14="","",$N14*$O14) -> 2000 | Q14: ON Semiconductor | R14: MMBTA05LT1G | U14: Approved | V14: Approval Required | W14: Normal / Low | X14: Released | Y14: XFEMS Buy | AA14: LCSC | AE14: 2000 | AF14: =P14-AE14 -> 0 | AI14: 0 | AJ14: =P14-SUM(AG14:AI14) -> 2000
A15: =ROW()-6 -> 9 | B15: =R15 -> GX12-2P | C15: L1-PCBA | D15: =$D$4 -> Board GX | E15: =$J$2 -> Gerber_CAMBOX_GX_lot500_2505 | F15: =$J$3 -> BOM_CameraBox_2026-04-14 2205 | G15: J1 | H15: Connector | I15: Giắc GX12-2P 2 Chân (Đực) | K15: TH | L15: Mounted | M15: pcs | N15: 1 | O15: =$J$4 -> 500 | P15: =IF($N15="","",$N15*$O15) -> 500 | Q15: LKTC | R15: GX12-2P | U15: Approved | V15: No Substitute | W15: Important / High | X15: Released | Y15: XFEMS Buy | AA15: Aliexpress | AE15: 0 | AF15: =P15-AE15 -> 500 | AI15: 0 | AJ15: =P15-SUM(AG15:AI15) -> 500
A16: =ROW()-6 -> 10 | B16: =R16 -> GX12-4P | C16: L1-PCBA | D16: =$D$4 -> Board GX | E16: =$J$2 -> Gerber_CAMBOX_GX_lot500_2505 | F16: =$J$3 -> BOM_CameraBox_2026-04-14 2205 | G16: J2, J3, J5, J6 | H16: Connector | I16: Giắc GX12-4P 12mm 4 Chân (Đực) | K16: TH | L16: Mounted | M16: pcs | N16: 4 | O16: =$J$4 -> 500 | P16: =IF($N16="","",$N16*$O16) -> 2000 | Q16: LKTC | R16: GX12-4P | U16: Approved | V16: No Substitute | W16: Important / High | X16: Released | Y16: XFEMS Buy | AA16: Aliexpress | AE16: 0 | AF16: =P16-AE16 -> 2000 | AI16: 0 | AJ16: =P16-SUM(AG16:AI16) -> 2000
A17: =ROW()-6 -> 11 | B17: =R17 -> JLCPCB | C17: L1-PCBA | D17: =$D$4 -> Board GX | E17: =$J$2 -> Gerber_CAMBOX_GX_lot500_2505 | F17: =$J$3 -> BOM_CameraBox_2026-04-14 2205 | H17: PCB | I17: PCB, 2 layer, 113.94 mm* 23.58 mm, PCB Thickness: 1.6mm, Gerber_Camerabox-gx_2025-11-24_Y2413 | L17: Mounted | M17: pcs | N17: 1 | O17: =$J$4 -> 500 | P17: =IF($N17="","",$N17*$O17) -> 500 | Q17: JLCPCB | R17: JLCPCB | U17: Approved | V17: No Substitute | W17: Important / High | X17: Released | Y17: Do Not Buy | AA17: JLCPCB | AB17: XF EMS đã mua bổ sung đợt 1 | AE17: 0 | AF17: =P17 -> 500 | AI17: 500 | AJ17: =P17-SUM(AG17:AI17) -> 0
A18: =ROW()-6 -> 12 | B18: =R18 -> 0 | C18: L1-PCBA | D18: =$D$4 -> Board GX | E18: =$J$2 -> Gerber_CAMBOX_GX_lot500_2505 | F18: =$J$3 -> BOM_CameraBox_2026-04-14 2205 | H18: Stencil | I18: Stencil GX | L18: Mounted | M18: pcs | N18: 1 | O18: =$J$4 -> 500 | P18: =IF($N18="","",$N18*$O18) -> 500 | U18: Not Yet Approved | V18: No Substitute | W18: Important / High | X18: Released | Y18: Do Not Buy | AB18: Naisi là đối tác gia công SMT sẽ mua | AC18: Thêm 1, chưa rõ nhà cung cấp | AE18: 0 | AF18: 1 | AI18: 0 | AJ18: =P18-SUM(AG18:AI18) -> 500
A19: =ROW()-6 -> 13 | B19: =R19 -> MKP | C19: L1-PCBA | D19: =$D$4 -> Board GX | E19: =$J$2 -> Gerber_CAMBOX_GX_lot500_2505 | F19: =$J$3 -> BOM_CameraBox_2026-04-14 2205 | H19: SMT | I19: SMT mạch GX | L19: Mounted | M19: pcs | N19: 1 | O19: =$J$4 -> 500 | P19: =IF($N19="","",$N19*$O19) -> 500 | Q19: MKP | R19: MKP | U19: Not Yet Approved | V19: No Substitute | W19: Important / High | X19: Released | Y19: Do Not Buy | AA19: MKP | AB19: Naisi SMT | AC19: Thêm SMT | AE19: 0 | AF19: =P19 -> 500 | AI19: 0 | AJ19: =P19-SUM(AG19:AI19) -> 500

Sheet BOX_CAM
A1: XFORCE EMS - ENGINEERING BOM RELEASE TEMPLATE
A2: Project Name | D2: CAMBOX V4- RK3562 | I2: PCB Rev | N2: Dessigned By | Q2: Đỗ Việt Đức | U2: Customer | W2: VNET
A3: Product Name | D3: CAMBOX V4- RK3562 | I3: BOM Rev | J3: BOM_CameraBox_2026-04-14 2205 | N3: Approved By | Q3: Cấn Văn Lịch | U3: Modified Date
A4: Board Name | D4: BOX_CAM | I4: Lot Qty | J4: 500 | N4: Date Created | Q4: 46168 | U4: Change Ref / ECN No. | W4: Change Ref: BOM_CameraBox_2026-04-14 new 250526.xlsx
C5: select | D5: fcn | E5: fcn | F5: fcn | G5: must fill | H5: select | I5: must fill | J5: must fill | K5: select | L5: select | N5: must fill | O5: fcn | P5: fcn | Q5: must fill | R5: must fill | S5: must fill | T5: must fill | U5: select | V5: select | W5: select | X5: select | Y5: select | AA5: must fill | AG5: Lịch CV rà soát
A6: No | B6: PivotCol | C6: BOM Level | D6: Board Name | E6: PCB Rev | F6: BOM Rev | G6: RefDes | H6: Category | I6: Description | J6: Package / Footprint | K6: Mounting type | L6: Mount Status' | M6: Unit | N6: Qty/Set | O6: Board Qty | P6: Total Engineer Qty | Q6: Manufacturer 1 | R6: PN1 | S6: Manufacturer 2 | T6: PN2 | U6: AVL Status | V6: Substitution Rule | W6: Critical Level | X6: Release Status | Y6: Supply Type | Z6: Internal Code | AA6: Ref Supplier | AB6: Engineer Note | AC6: Change Note | AD6: Ref Link / Datasheet | AE6: SL đã có trong kho chị HÀ | AF6: SL cần mua | AG6: SL VNET Đã Bàn Giao CHO XFORCE | AH6: SL VNET dự kiến Bàn giao lần 2 | AI6: SL XF EMS đã mua bổ sung đợt 1 | AJ6: SL cần mua bổ sung đợt 2
A7: =ROW()-6 -> 1 | B7: =R7 -> Board_GX | C7: L2-BOX | D7: =$D$4 -> BOX_CAM | E7: =$J$2 -> 0 | F7: =$J$3 -> BOM_CameraBox_2026-04-14 2205 | G7: Board_GX | H7: Module | I7: Board_GX | M7: pcs | N7: 1 | O7: =$J$4 -> 500 | P7: =IF($N7="","",$N7*$O7) -> 500 | Q7: MKP | R7: Board_GX | U7: Approved | V7: No Substitute | W7: Important / High | X7: Released | Y7: Do Not Buy | AG7: 0 | AJ7: =P7-SUM(AG7:AI7) -> 500
A8: =ROW()-6 -> 2 | B8: =R8 -> Board_RK3562 | C8: L2-BOX | D8: =$D$4 -> BOX_CAM | E8: =$J$2 -> 0 | F8: =$J$3 -> BOM_CameraBox_2026-04-14 2205 | G8: Board_RK3562 | H8: Module | I8: Board_RK3562 | M8: pcs | N8: 1 | O8: =$J$4 -> 500 | P8: =IF($N8="","",$N8*$O8) -> 500 | Q8: MKP | R8: Board_RK3562 | U8: Approved | V8: No Substitute | W8: Important / High | X8: Released | Y8: Do Not Buy | AG8: 0 | AJ8: =P8-SUM(AG8:AI8) -> 500
A9: =ROW()-6 -> 3 | B9: =R9 -> AHGG.101 | C9: L2-BOX | D9: =$D$4 -> BOX_CAM | E9: =$J$2 -> 0 | F9: =$J$3 -> BOM_CameraBox_2026-04-14 2205 | H9: Antenna | I9: AHGG.101 Ăng Ten GPS/BD Box Đầu SMA Đực Dây Dài 2m | M9: pcs | N9: 0 | O9: =$J$4 -> 500 | P9: =IF($N9="","",$N9*$O9) -> 0 | Q9: TGIC | R9: AHGG.101 | U9: Approved | V9: Approval Required | W9: Normal / Low | X9: Released | Y9: XFEMS Buy | AC9: SL giảm từ 1 về 0 do chỉ lắp nguyên BOX_CAM | AE9: 500 | AF9: =P9 -> 0 | AG9: 0 | AJ9: =P9-SUM(AG9:AI9) -> 0
A10: =ROW()-6 -> 4 | B10: =R10 -> AH3G.403 | C10: L2-BOX | D10: =$D$4 -> BOX_CAM | E10: =$J$2 -> 0 | F10: =$J$3 -> BOM_CameraBox_2026-04-14 2205 | H10: Antenna | I10: AH3G.403 Ăng Ten 2G/3G/4G Đầu SMA Đực Dây Dài 2m | M10: pcs | N10: 0 | O10: =$J$4 -> 500 | P10: =IF($N10="","",$N10*$O10) -> 0 | Q10: TGIC | R10: AH3G.403 | U10: Approved | V10: Approval Required | W10: Normal / Low | X10: Released | Y10: XFEMS Buy | AC10: SL giảm từ 1 về 0 do chỉ lắp nguyên BOX_CAM | AE10: 500 | AF10: =P10 -> 0 | AG10: 0 | AJ10: =P10-SUM(AG10:AI10) -> 0
A11: =ROW()-6 -> 5 | B11: =R11 -> TannhietSOM | C11: L2-BOX | D11: =$D$4 -> BOX_CAM | E11: =$J$2 -> 0 | F11: =$J$3 -> BOM_CameraBox_2026-04-14 2205 | H11: Heat sink | I11: tản nhiệt SOM 62x62x15mm | M11: pcs | N11: 1 | O11: =$J$4 -> 500 | P11: =IF($N11="","",$N11*$O11) -> 500 | Q11: Promise | R11: TannhietSOM | U11: Approved | V11: No Substitute | W11: Normal / Low | X11: Released | Y11: XFEMS Buy | AC11: MKP tự thiết kế đặt mua, chưa tiết lộ nguồn cung cấp | AE11: 500 | AF11: =P11-AE11 -> 0 | AG11: 0 | AH11: =VLOOKUP(B11,'VNET-XF_dự kiến lần 2'!$B$2:$D$42,3,0) -> 500 | AJ11: =P11-SUM(AG11:AI11) -> 0
A12: =ROW()-6 -> 6 | B12: =R12 -> CR2016 | C12: L2-BOX | D12: =$D$4 -> BOX_CAM | E12: =$J$2 -> 0 | F12: =$J$3 -> BOM_CameraBox_2026-04-14 2205 | H12: Battery | I12: Pin CR2016 | M12: pcs | N12: 1 | O12: =$J$4 -> 500 | P12: =IF($N12="","",$N12*$O12) -> 500 | Q12: Aliexpress | R12: CR2016 | S12: Linh kiện điện tử SMD | T12: CR2016 | U12: Approved | V12: Approval Required | W12: Normal / Low | X12: Released | Y12: XFEMS Buy | AE12: 0 | AF12: =P12-AE12 -> 500 | AG12: 0 | AH12: =VLOOKUP(B12,'VNET-XF_dự kiến lần 2'!$B$2:$D$42,3,0) -> 500 | AJ12: =P12-SUM(AG12:AI12) -> 0
A13: =ROW()-6 -> 7 | B13: =R13 -> 200mAh 3.7V | C13: L2-BOX | D13: =$D$4 -> BOX_CAM | E13: =$J$2 -> 0 | F13: =$J$3 -> BOM_CameraBox_2026-04-14 2205 | H13: Battery | I13: 402030 200mAh 3.7V Lithium Polymer Battery for Smart Bracelet Voice Recorder GPS Tablet PC Pet Training Tool Webcam Cell | M13: pcs | N13: 1 | O13: =$J$4 -> 500 | P13: =IF($N13="","",$N13*$O13) -> 500 | Q13: Aliexpress | R13: 200mAh 3.7V | U13: Approved | V13: Approval Required | W13: Normal / Low | X13: Released | Y13: XFEMS Buy | AA13: Aliexpress | AC13: Thêm mới do prototype không mua | AD13: link | AE13: 0 | AF13: =P13 -> 500 | AG13: 0 | AJ13: =P13-SUM(AG13:AI13) -> 500
A14: =ROW()-6 -> 8 | B14: =R14 -> KDT-2526 | C14: L2-BOX | D14: =$D$4 -> BOX_CAM | E14: =$J$2 -> 0 | F14: =$J$3 -> BOM_CameraBox_2026-04-14 2205 | H14: Others | I14: Vỏ hộp | M14: pcs | N14: 1 | O14: =$J$4 -> 500 | P14: =IF($N14="","",$N14*$O14) -> 500 | Q14: Aliexpress | R14: KDT-2526 | U14: Approved | V14: No Substitute | W14: Important / High | X14: Released | Y14: XFEMS Buy | AA14: Aliexpress | AE14: 500 | AF14: =P14-AE14 -> 0 | AG14: 0 | AJ14: =P14-SUM(AG14:AI14) -> 500
A15: =ROW()-6 -> 9 | B15: =R15 -> 1.13Ipex | C15: L2-BOX | D15: =$D$4 -> BOX_CAM | E15: =$J$2 -> 0 | F15: =$J$3 -> BOM_CameraBox_2026-04-14 2205 | H15: Connector | I15: Cáp RF Đầu SMA Cái Nối 1.13Ipex Dài 10cm | M15: pcs | N15: 2 | O15: =$J$4 -> 500 | P15: =IF($N15="","",$N15*$O15) -> 1000 | Q15: Aliexpress | R15: 1.13Ipex | U15: Approved | V15: Approval Required | W15: Normal / Low | X15: Released | Y15: XFEMS Buy | AA15: Aliexpress | AD15: link | AE15: 0 | AF15: =P15-AE15 -> 1000 | AG15: 0 | AJ15: =P15-SUM(AG15:AI15) -> 1000
A16: =ROW()-6 -> 10 | B16: =R16 -> Heatsink 8.8 x 8.8 x 12mm | C16: L2-BOX | D16: =$D$4 -> BOX_CAM | E16: =$J$2 -> 0 | F16: =$J$3 -> BOM_CameraBox_2026-04-14 2205 | H16: Heatsink | I16: Heatsink 8.8 x 8.8 x 12mm Adhesive backing – peel-and-stick thermal tape. Black Color | M16: pcs | N16: 1 | O16: =$J$4 -> 500 | P16: =IF($N16="","",$N16*$O16) -> 500 | Q16: China / GEMAY | R16: Heatsink 8.8 x 8.8 x 12mm | U16: Approved | V16: Approval Required | W16: Normal / Low | X16: Released | Y16: XFEMS Buy | AA16: Aliexpress | AB16: Đã mua bổ sung 500 ở đợt 1 | AC16: Sửa lại mô tả: Heatsink 8.8 x 8.8 x 12mm Adhesive backing – peel-and-stick thermal tape. Black Color | AD16: link | AE16: 0 | AF16: =P16-AE16 -> 500 | AG16: 0 | AI16: 500 | AJ16: =P16-SUM(AG16:AI16) -> 0
A17: =ROW()-6 -> 11 | B17: =R17 -> 100x100x2mm | C17: L2-BOX | D17: =$D$4 -> BOX_CAM | E17: =$J$2 -> 0 | F17: =$J$3 -> BOM_CameraBox_2026-04-14 2205 | H17: Others | I17: Miếng dẫn nhiệt thermal pad 5W/mK cho vga, chipset, ic dày 0.5, 1, 1.5, 2, 2.5, 3, 5mm .kienstore358 | M17: pcs | N17: 0.1 | O17: =$J$4 -> 500 | P17: =IF($N17="","",$N17*$O17) -> 50 | Q17: Aliexpress | R17: 100x100x2mm | U17: Approved | V17: Approval Required | W17: Normal / Low | X17: Released | Y17: XFEMS Buy | AA17: Aliexpress | AC17: giảm 1 xuống 0.2 do 1 tấm sử dụng được cho 10-15 mạch | AD17: link | AE17: 0 | AF17: =P17-AE17 -> 50 | AG17: 0 | AJ17: =P17-SUM(AG17:AI17) -> 50
A18: =ROW()-6 -> 12 | B18: =R18 -> SYD2510HSL | C18: L2-BOX | D18: =$D$4 -> BOX_CAM | E18: =$J$2 -> 0 | F18: =$J$3 -> BOM_CameraBox_2026-04-14 2205 | H18: Fan | I18: Quạt làm mát Mini EIbbkg 12V 25mm 2510 25x25x10mm 2 chân DC Nhỏ Micro Cooler 2 gói mới | M18: pcs | N18: 1 | O18: =$J$4 -> 500 | P18: =IF($N18="","",$N18*$O18) -> 500 | Q18: SHENGYIDA | R18: SYD2510HSL | U18: Not Yet Approved | V18: Approval Required | W18: Normal / Low | X18: Released | Y18: XFEMS Buy | AA18: VNES | AB18: Đã mua bổ sung 500 ở đợt 1 | AC18: Sửa lại mô tả, đây là quạt 5V: "5V Ball/Sleeve Axial Cooler Hydraulic Bearing 25x25x10mm Mini Cooling Fan 2510 25mm Centrifugal Electric 3D Printer Fan Cable length: >50mm with XH2.5mm connector" | AD18: link | AE18: 0 | AF18: =P18 -> 500 | AG18: 0 | AI18: 500 | AJ18: =P18-SUM(AG18:AI18) -> 0
A19: =ROW()-6 -> 13 | B19: Lò Xo Kẹp 17.6mm | C19: L2-BOX | D19: =$D$4 -> BOX_CAM | E19: =$J$2 -> 0 | F19: =$J$3 -> BOM_CameraBox_2026-04-14 2205 | H19: Others | I19: 17.6mm Plastic Nail Southbridge Northbridge Cooling Fan Plastic Spring Clips Secure Mounting | M19: pcs | N19: 2 | O19: =$J$4 -> 500 | P19: =IF($N19="","",$N19*$O19) -> 1000 | Q19: China / GEMAY | R19: Lò Xo Kẹp 17.6mm | U19: Approved | V19: Approval Required | W19: Normal / Low | X19: Released | Y19: XFEMS Buy | AA19: VNES | AB19: Đã mua bổ sung 1000 ở đợt 1 | AD19: link | AE19: 0 | AF19: =P19-AE19 -> 1000 | AG19: 0 | AH19: =VLOOKUP(B19,'VNET-XF_dự kiến lần 2'!$B$2:$D$42,3,0) -> 1000 | AI19: 1000 | AJ19: =P19-SUM(AG19:AI19) -> -1000
A20: =ROW()-6 -> 14 | B20: =R20 -> M3x16mm | C20: L2-BOX | D20: =$D$4 -> BOX_CAM | E20: =$J$2 -> 0 | F20: =$J$3 -> BOM_CameraBox_2026-04-14 2205 | H20: Others | I20: 10 cái M3 M4 M5 Bulong lục giác chìm đầu bằng đen thép mạ cấp bền 10.9 M3 M4 M5 | M20: pcs | N20: 4 | O20: =$J$4 -> 500 | P20: =IF($N20="","",$N20*$O20) -> 2000 | Q20: Aliexpress | R20: M3x16mm | U20: Approved | V20: Approval Required | W20: Normal / Low | X20: Released | Y20: XFEMS Buy | AA20: Aliexpress | AC20: Vít cho quạt | AD20: link | AE20: 0 | AF20: =P20-AE20 -> 2000 | AG20: 0 | AH20: =VLOOKUP(B20,'VNET-XF_dự kiến lần 2'!$B$2:$D$42,3,0) -> 2000 | AJ20: =P20-SUM(AG20:AI20) -> 0
A21: =ROW()-6 -> 15 | B21: =R21 -> M3 Inox304 | C21: L2-BOX | D21: =$D$4 -> BOX_CAM | E21: =$J$2 -> 0 | F21: =$J$3 -> BOM_CameraBox_2026-04-14 2205 | H21: Others | I21: Set 50, 20 Tán Dẹp Ecu Inox 304, thép thôi, thép mạ Cho ốc M3, M4, M5, M6, M8 Set 10 con đai ốc inox loại tốt | M21: pcs | N21: 4 | O21: =$J$4 -> 500 | P21: =IF($N21="","",$N21*$O21) -> 2000 | Q21: Aliexpress | R21: M3 Inox304 | U21: Approved | V21: Approval Required | W21: Normal / Low | X21: Released | Y21: XFEMS Buy | AA21: Aliexpress | AC21: Bulong hàn cho quạt | AD21: link | AE21: 0 | AF21: =P21-AE21 -> 2000 | AG21: 0 | AH21: =VLOOKUP(B21,'VNET-XF_dự kiến lần 2'!$B$2:$D$42,3,0) -> 2000 | AJ21: =P21-SUM(AG21:AI21) -> 0
A22: =ROW()-6 -> 16 | B22: =R22 -> M2x4mm | C22: L2-BOX | D22: =$D$4 -> BOX_CAM | E22: =$J$2 -> 0 | F22: =$J$3 -> BOM_CameraBox_2026-04-14 2205 | H22: Others | I22: Ốc vít Máy tính Laptop PC ổ cứng SSD HDD Main fan Linh kiện | M2 M2x3 M2.5x5 M3x5 M3.5x6 M4 M5 | M22: pcs | N22: 1 | O22: =$J$4 -> 500 | P22: =IF($N22="","",$N22*$O22) -> 500 | Q22: Aliexpress | R22: M2x4mm | U22: Approved | V22: Approval Required | W22: Normal / Low | X22: Released | Y22: XFEMS Buy | AA22: Aliexpress | AC22: Vít M2 SSD | AD22: link | AE22: 0 | AF22: =P22-AE22 -> 500 | AG22: 0 | AH22: =VLOOKUP(B22,'VNET-XF_dự kiến lần 2'!$B$2:$D$42,3,0) -> 500 | AJ22: =P22-SUM(AG22:AI22) -> 0
A23: =ROW()-6 -> 17 | B23: =R23 -> M3 | C23: L2-BOX | D23: =$D$4 -> BOX_CAM | E23: =$J$2 -> 0 | F23: =$J$3 -> BOM_CameraBox_2026-04-14 2205 | H23: Others | I23: Set 50, 20 cái long đền vênh vòng đệm vênh ốc M2 M3 M4 M5 M6 các loại | M23: pcs | N23: 4 | O23: =$J$4 -> 500 | P23: =IF($N23="","",$N23*$O23) -> 2000 | Q23: Aliexpress | R23: M3 | U23: Approved | V23: Approval Required | W23: Normal / Low | X23: Released | Y23: XFEMS Buy | AA23: Aliexpress | AC23: Vênh cho quạt | AD23: link | AE23: 0 | AF23: =P23-AE23 -> 2000 | AG23: 0 | AH23: =VLOOKUP(B23,'VNET-XF_dự kiến lần 2'!$B$2:$D$42,3,0) -> 2000 | AJ23: =P23-SUM(AG23:AI23) -> 0
A24: =ROW()-6 -> 18 | B24: =R24 -> MAV-WH161 | C24: L2-BOX | D24: =$D$4 -> BOX_CAM | E24: =$J$2 -> 0 | F24: =$J$3 -> BOM_CameraBox_2026-04-14 2205 | H24: Cable/Harness | I24: Dây điện connector 4P | M24: m | N24: 0 | O24: =$J$4 -> 500 | P24: =IF($N24="","",$N24*$O24) -> 0 | Q24: Aliexpress | R24: MAV-WH161 | U24: Not Yet Approved | V24: Approval Required | W24: Normal / Low | X24: Released | Y24: XFEMS Buy | AA24: Aliexpress | AC24: SL giảm từ 1 về 0 do chỉ lắp nguyên BOX_CAM | AE24: 0 | AF24: =P24-AE24 -> 0 | AG24: 0 | AJ24: =P24-SUM(AG24:AI24) -> 0
A25: =ROW()-6 -> 19 | B25: =R25 -> L2464-24AWG-4C | C25: L2-BOX | D25: =$D$4 -> BOX_CAM | E25: =$J$2 -> 0 | F25: =$J$3 -> BOM_CameraBox_2026-04-14 2205 | H25: Cable/Harness | I25: Dây Cáp Nhôm 4 Lõi UL2464-24AWG-4C 4x0.2mm2 Vỏ PVC | M25: m | N25: 0 | O25: =$J$4 -> 500 | P25: =IF($N25="","",$N25*$O25) -> 0 | Q25: Aliexpress | R25: L2464-24AWG-4C | U25: Not Yet Approved | V25: Approval Required | W25: Normal / Low | X25: Released | Y25: XFEMS Buy | AA25: Aliexpress | AC25: SL giảm từ 1 về 0 do chỉ lắp nguyên BOX_CAM | AE25: 3050 | AF25: =P25-AE25 -> -3050 | AG25: 0 | AJ25: =P25-SUM(AG25:AI25) -> 0
A26: =ROW()-6 -> 20 | B26: =R26 -> GX12-2P (Cái) | C26: L2-BOX | D26: =$D$4 -> BOX_CAM | E26: =$J$2 -> 0 | F26: =$J$3 -> BOM_CameraBox_2026-04-14 2205 | H26: Connector | I26: Giắc GX12-2P 2 Chân (Cái) Đấu Dây | M26: pcs | N26: 0 | O26: =$J$4 -> 500 | P26: =IF($N26="","",$N26*$O26) -> 0 | Q26: Aliexpress | R26: GX12-2P (Cái) | U26: Not Yet Approved | V26: Approval Required | W26: Normal / Low | X26: Released | Y26: XFEMS Buy | AA26: Aliexpress | AC26: SL giảm từ 1 về 0 do chỉ lắp nguyên BOX_CAM | AD26: link | AE26: 0 | AF26: =P26-AE26 -> 0 | AG26: 0 | AH26: =VLOOKUP(B26,'VNET-XF_dự kiến lần 2'!$B$2:$D$42,3,0) -> 500 | AJ26: =P26-SUM(AG26:AI26) -> -500
A27: =ROW()-6 -> 21 | B27: =R27 -> Dow Corning 3140 RTV | C27: L2-BOX | D27: =$D$4 -> BOX_CAM | E27: =$J$2 -> 0 | F27: =$J$3 -> BOM_CameraBox_2026-04-14 2205 | H27: Others | I27: Keo silicone cố định linh kiện | M27: pcs | N27: 0.1 | O27: =$J$4 -> 500 | P27: =IF($N27="","",$N27*$O27) -> 50 | Q27: DOW | R27: Dow Corning 3140 RTV | U27: Not Yet Approved | V27: Approval Required | W27: Normal / Low | X27: Released | Y27: XFEMS Buy | AA27: Aliexpress | AC27: Thêm mới để cố định linh kiện mạch, 1 lọ 90ml cho 10-20 mạch | AE27: 0 | AF27: =P27 -> 50 | AG27: 0 | AJ27: =P27-SUM(AG27:AI27) -> 50

Sheet Board RK3562
A1: XFORCE EMS - ENGINEERING BOM RELEASE TEMPLATE
A2: Project Name | D2: CAMBOX V4- RK3562 | I2: PCB Rev | J2: Gerber_CAMBOX_RK3562_lot500_2505 | N2: Dessigned By | Q2: Đỗ Việt Đức | U2: Customer | W2: VNET
A3: Product Name | D3: CAMBOX V4- RK3562 | I3: BOM Rev | J3: BOM_CameraBox_2026-04-14 2205 | N3: Approved By | Q3: Cấn Văn Lịch | U3: Modified Date
A4: Board Name | D4: Board RK3562 | I4: Lot Qty | J4: 500 | N4: Date Created | Q4: 46168 | U4: Change Ref / ECN No.
B5: 6 | C5: select | D5: fcn | E5: fcn | F5: fcn | G5: must fill | H5: select | I5: must fill | J5: must fill | K5: select | L5: select | N5: must fill | O5: fcn | P5: fcn | Q5: must fill | R5: must fill | S5: must fill | T5: must fill | U5: select | V5: select | W5: select | X5: select | Y5: select | AA5: must fill | AG5: Lịch CV rà soát
A6: No | B6: PivotCol | C6: BOM Level | D6: Board Name | E6: PCB Rev | F6: BOM Rev | G6: RefDes | H6: Category | I6: Description | J6: Package / Footprint | K6: Mounting type | L6: Mount Status' | M6: Unit | N6: Qty/Set | O6: Board Qty | P6: Total Engineer Qty | Q6: Manufacturer 1 | R6: PN1 | S6: Manufacturer 2 | T6: PN2 | U6: AVL Status | V6: Substitution Rule | W6: Critical Level | X6: Release Status | Y6: Supply Type | Z6: Internal Code | AA6: Ref Supplier | AB6: Engineer Note | AC6: Change Note | AD6: Ref Link / Datasheet | AE6: SL đã có trong kho chị HÀ | AF6: SL cần mua | AG6: SL VNET Đã Bàn Giao CHO XFORCE | AH6: SL VNET dự kiến Bàn giao lần 2 | AI6: SL XF EMS đã mua bổ sung đợt 1 | AJ6: SL cần mua bổ sung đợt 2
A7: =ROW()-6 -> 1 | B7: =R7 -> XS9922B | C7: L1-PCBA | D7: =$D$4 -> Board RK3562 | E7: =$J$2 -> Gerber_CAMBOX_RK3562_lot500_2505 | F7: =$J$3 -> BOM_CameraBox_2026-04-14 2205 | G7: U6 | H7: IC | I7: 4Ch HD/SD Analog Video Decoder | K7: SMD | L7: Mounted | M7: pcs | N7: 1 | O7: =$J$4 -> 500 | P7: =IF($N7="","",$N7*$O7) -> 500 | Q7: CHIPUP | R7: XS9922B | U7: Approved | V7: No Substitute | W7: Important / High | X7: Released | Y7: XFEMS Buy | AA7: CHIPUP | AE7: =VLOOKUP(R7,'[1]VNSH03 gia thanh sx '!$F$6:$G$171,2,0) -> 500 | AF7: =P7-AE7 -> 0 | AG7: =IF(VLOOKUP(R7,'VNET-XF-2105'!$B$12:$D$145,3,0)>=P7,P7,VLOOKUP(R7,'VNET-XF-2105'!$B$12:$D$145,3,0)) -> 489 | AJ7: =P7-SUM(AG7:AI7) -> 11
A8: =ROW()-6 -> 2 | B8: =R8 -> TannhietSOM | C8: L1-PCBA | D8: =$D$4 -> Board RK3562 | E8: =$J$2 -> Gerber_CAMBOX_RK3562_lot500_2505 | F8: =$J$3 -> BOM_CameraBox_2026-04-14 2205 | G8: H1 | H8: Heatsink | I8: 62x62x15mm | K8: TH | L8: Mounted | M8: pcs | N8: 1 | O8: =$J$4 -> 500 | P8: =IF($N8="","",$N8*$O8) -> 500 | Q8: Promise | R8: TannhietSOM | U8: Approved | V8: Approval Required | W8: Normal / Low | X8: Released | Y8: XFEMS Buy | AA8: LCSC | AC8: SL giảm về 0 do chuyển sang BOX_CAM | AE8: =VLOOKUP(R8,'[1]VNSH03 gia thanh sx '!$F$6:$G$171,2,0) -> 500 | AF8: =P8-AE8 -> 0 | AH8: =IF(VLOOKUP(R8,'VNET-XF_dự kiến lần 2'!$B$2:$D$42,3,0)>=(P8-AG8),(P8-AG8),VLOOKUP(R8,'VNET-XF_dự kiến lần 2'!$B$2:$D$42,3,0)) -> 500 | AJ8: =P8-SUM(AG8:AI8) -> 0
A9: =ROW()-6 -> 3 | B9: =R9 -> RK3562 | C9: L1-PCBA | D9: =$D$4 -> Board RK3562 | E9: =$J$2 -> Gerber_CAMBOX_RK3562_lot500_2505 | F9: =$J$3 -> BOM_CameraBox_2026-04-14 2205 | G9: M1 | H9: IC | I9: RK3562 SOM - System on Module | K9: SMD | L9: Mounted | M9: pcs | N9: 1 | O9: =$J$4 -> 500 | P9: =IF($N9="","",$N9*$O9) -> 500 | Q9: RONGPIN | R9: RK3562 | U9: Approved | V9: No Substitute | W9: Important / High | X9: Released | Y9: XFEMS Buy | AA9: RONGPIN | AE9: =VLOOKUP(R9,'[1]VNSH03 gia thanh sx '!$F$6:$G$171,2,0) -> 500 | AF9: =P9-AE9 -> 0 | AG9: =IF(VLOOKUP(R9,'VNET-XF-2105'!$B$12:$D$145,3,0)>=P9,P9,VLOOKUP(R9,'VNET-XF-2105'!$B$12:$D$145,3,0)) -> 488 | AJ9: =P9-SUM(AG9:AI9) -> 12
A10: =ROW()-6 -> 4 | B10: =R10 -> RVT1C471M0810 | C10: L1-PCBA | D10: =$D$4 -> Board RK3562 | E10: =$J$2 -> Gerber_CAMBOX_RK3562_lot500_2505 | F10: =$J$3 -> BOM_CameraBox_2026-04-14 2205 | G10: C13 | H10: Capacitor | I10: 470uF ±20% 16V Aluminum Electrolytic Capacitors 2000hrs@105℃ | K10: SMD | L10: Mounted | M10: pcs | N10: 1 | O10: =$J$4 -> 500 | P10: =IF($N10="","",$N10*$O10) -> 500 | Q10: ROQANG | R10: RVT1C471M0810 | U10: Approved | V10: Approval Required | W10: Normal / Low | X10: Released | Y10: XFEMS Buy | AA10: LCSC | AC10: SL thêm 1: C13 từ 100uF sang 470 uF | AE10: =VLOOKUP(R10,'[1]VNSH03 gia thanh sx '!$F$6:$G$171,2,0) -> 500 | AF10: =P10-AE10 -> 0 | AJ10: =P10-SUM(AG10:AI10) -> 500
A11: =ROW()-6 -> 5 | B11: =R11 -> C0603X5R105K500NT | C11: L1-PCBA | D11: =$D$4 -> Board RK3562 | E11: =$J$2 -> Gerber_CAMBOX_RK3562_lot500_2505 | F11: =$J$3 -> BOM_CameraBox_2026-04-14 2205 | G11: C1, C15, C49, C57, C59, C139 | H11: Capacitor | I11: CAP CER 1UF 50V X5R 0603 | J11: 0603 | K11: SMD | L11: Mounted | M11: pcs | N11: 6 | O11: =$J$4 -> 500 | P11: =IF($N11="","",$N11*$O11) -> 3000 | Q11: Hottech | R11: C0603X5R105K500NT | U11: Approved | V11: Approval Required | W11: Normal / Low | X11: Released | Y11: XFEMS Buy | AA11: LCSC | AC11: SL giảm từ 7 còn 6 do C48 DNP | AE11: =VLOOKUP(R11,'[1]VNSH03 gia thanh sx '!$F$6:$G$171,2,0) -> 2500 | AF11: =P11-AE11 -> 500 | AH11: =IF(VLOOKUP(R11,'VNET-XF_dự kiến lần 2'!$B$2:$D$42,3,0)>=(P11-AG11),(P11-AG11),VLOOKUP(R11,'VNET-XF_dự kiến lần 2'!$B$2:$D$42,3,0)) -> 3000 | AJ11: =P11-SUM(AG11:AI11) -> 0
A12: =ROW()-6 -> 6 | B12: =R12 -> CC1206KKX7R0BB104 | C12: L1-PCBA | D12: =$D$4 -> Board RK3562 | E12: =$J$2 -> Gerber_CAMBOX_RK3562_lot500_2505 | F12: =$J$3 -> BOM_CameraBox_2026-04-14 2205 | G12: C2, C19 | H12: Capacitor | I12: 100V 100nF X7R ±10% 1206 Multilayer Ceramic Capacitors MLCC - SMD/SMT ROHS | J12: 1206 | K12: SMD | L12: Mounted | M12: pcs | N12: 2 | O12: =$J$4 -> 500 | P12: =IF($N12="","",$N12*$O12) -> 1000 | Q12: Yageo | R12: CC1206KKX7R0BB104 | U12: Approved | V12: Approval Required | W12: Normal / Low | X12: Released | Y12: XFEMS Buy | AA12: LCSC | AE12: =VLOOKUP(R12,'[1]VNSH03 gia thanh sx '!$F$6:$G$171,2,0) -> 1000 | AF12: =P12-AE12 -> 0 | AG12: =IF(VLOOKUP(R12,'VNET-XF-2105'!$B$12:$D$145,3,0)>=P12,P12,VLOOKUP(R12,'VNET-XF-2105'!$B$12:$D$145,3,0)) -> 990 | AJ12: =P12-SUM(AG12:AI12) -> 10
A13: =ROW()-6 -> 7 | B13: =R13 -> RVT2A100M0605 | C13: L1-PCBA | D13: =$D$4 -> Board RK3562 | E13: =$J$2 -> Gerber_CAMBOX_RK3562_lot500_2505 | F13: =$J$3 -> BOM_CameraBox_2026-04-14 2205 | G13: C3, C21 | H13: Capacitor | I13: 10uF 100V 63mA@120Hz ±20% SMD,D6.3xL5.4mm Aluminum Electrolytic Capacitors - SMD ROHS | K13: SMD | L13: Mounted | M13: pcs | N13: 2 | O13: =$J$4 -> 500 | P13: =IF($N13="","",$N13*$O13) -> 1000 | Q13: ROQANG | R13: RVT2A100M0605 | U13: Approved | V13: Approval Required | W13: Normal / Low | X13: Released | Y13: XFEMS Buy | AA13: LCSC | AE13: =VLOOKUP(R13,'[1]VNSH03 gia thanh sx '!$F$6:$G$171,2,0) -> 1000 | AF13: =P13-AE13 -> 0 | AG13: =IF(VLOOKUP(R13,'VNET-XF-2105'!$B$12:$D$145,3,0)>=P13,P13,VLOOKUP(R13,'VNET-XF-2105'!$B$12:$D$145,3,0)) -> 990 | AJ13: =P13-SUM(AG13:AI13) -> 10
A14: =ROW()-6 -> 8 | B14: =R14 -> CS3225X7R106K500NRL | C14: L1-PCBA | D14: =$D$4 -> Board RK3562 | E14: =$J$2 -> Gerber_CAMBOX_RK3562_lot500_2505 | F14: =$J$3 -> BOM_CameraBox_2026-04-14 2205 | G14: C4, C7, C10, C16, C18 | H14: Capacitor | I14: 10uF 50V Ceramic Capacitor X7R 1210 | J14: 1210 | K14: SMD | L14: Mounted | M14: pcs | N14: 5 | O14: =$J$4 -> 500 | P14: =IF($N14="","",$N14*$O14) -> 2500 | Q14: SAMWHA | R14: CS3225X7R106K500NRL | U14: Approved | V14: Approval Required | W14: Normal / Low | X14: Released | Y14: XFEMS Buy | AA14: LCSC | AE14: =VLOOKUP(R14,'[1]VNSH03 gia thanh sx '!$F$6:$G$171,2,0) -> 3500 | AF14: =P14-AE14 -> -1000 | AG14: =IF(VLOOKUP(R14,'VNET-XF-2105'!$B$12:$D$145,3,0)>=P14,P14,VLOOKUP(R14,'VNET-XF-2105'!$B$12:$D$145,3,0)) -> 2475 | AJ14: =P14-SUM(AG14:AI14) -> 25
A15: =ROW()-6 -> 9 | B15: =R15 -> CC0603KRX7R9BB104 | C15: L1-PCBA | D15: =$D$4 -> Board RK3562 | E15: =$J$2 -> Gerber_CAMBOX_RK3562_lot500_2505 | F15: =$J$3 -> BOM_CameraBox_2026-04-14 2205 | G15: C5, C8, C9, C22, C25, C35, C37, C106, C156, C158, C193,C198 | H15: Capacitor | I15: 50V 100nF X7R ±10% 0603 Multilayer Ceramic Capacitors MLCC - SMD/SMT ROHS | J15: 0603 | K15: SMD | L15: Mounted | M15: pcs | N15: 12 | O15: =$J$4 -> 500 | P15: =IF($N15="","",$N15*$O15) -> 6000 | Q15: Yageo | R15: CC0603KRX7R9BB104 | U15: Approved | V15: Approval Required | W15: Normal / Low | X15: Released | Y15: XFEMS Buy | AA15: LCSC | AC15: Số lượng 11 lên 12: Thêm C198 | AE15: =VLOOKUP(R15,'[1]VNSH03 gia thanh sx '!$F$6:$G$171,2,0) -> 6500 | AF15: =P15-AE15 -> -500 | AG15: =IF(VLOOKUP(R15,'VNET-XF-2105'!$B$12:$D$145,3,0)>=P15,P15,VLOOKUP(R15,'VNET-XF-2105'!$B$12:$D$145,3,0)) -> 5445 | AJ15: =P15-SUM(AG15:AI15) -> 555
A16: =ROW()-6 -> 10 | B16: =R16 -> CC0402JRNPO9BN220 | C16: L1-PCBA | D16: =$D$4 -> Board RK3562 | E16: =$J$2 -> Gerber_CAMBOX_RK3562_lot500_2505 | F16: =$J$3 -> BOM_CameraBox_2026-04-14 2205 | G16: C6, C17 | H16: Capacitor | I16: 22pF ±5% 50V Ceramic Capacitor NP0 0402 | J16: 0402 | K16: SMD | L16: Mounted | M16: pcs | N16: 2 | O16: =$J$4 -> 500 | P16: =IF($N16="","",$N16*$O16) -> 1000 | Q16: Yageo | R16: CC0402JRNPO9BN220 | U16: Approved | V16: Approval Required | W16: Normal / Low | X16: Released | Y16: XFEMS Buy | AA16: LCSC | AE16: =VLOOKUP(R16,'[1]VNSH03 gia thanh sx '!$F$6:$G$171,2,0) -> 1500 | AF16: =P16-AE16 -> -500 | AG16: =IF(VLOOKUP(R16,'VNET-XF-2105'!$B$12:$D$145,3,0)>=P16,P16,VLOOKUP(R16,'VNET-XF-2105'!$B$12:$D$145,3,0)) -> 990 | AJ16: =P16-SUM(AG16:AI16) -> 10
A17: =ROW()-6 -> 11 | B17: =R17 -> FCC0402B681K500AT | C17: L1-PCBA | D17: =$D$4 -> Board RK3562 | E17: =$J$2 -> Gerber_CAMBOX_RK3562_lot500_2505 | F17: =$J$3 -> BOM_CameraBox_2026-04-14 2205 | G17: C11 | H17: Capacitor | I17: 680pF ±10% 50V Ceramic Capacitor X7R 0402 | J17: 0402 | K17: SMD | L17: Mounted | M17: pcs | N17: 1 | O17: =$J$4 -> 500 | P17: =IF($N17="","",$N17*$O17) -> 500 | Q17: FOJAN | R17: FCC0402B681K500AT | U17: Approved | V17: Approval Required | W17: Normal / Low | X17: Released | Y17: XFEMS Buy | AA17: LCSC | AE17: =VLOOKUP(R17,'[1]VNSH03 gia thanh sx '!$F$6:$G$171,2,0) -> 500 | AF17: =P17-AE17 -> 0 | AG17: =IF(VLOOKUP(R17,'VNET-XF-2105'!$B$12:$D$145,3,0)>=P17,P17,VLOOKUP(R17,'VNET-XF-2105'!$B$12:$D$145,3,0)) -> 495 | AJ17: =P17-SUM(AG17:AI17) -> 5
A18: =ROW()-6 -> 12 | B18: =R18 -> CC0402KRX7R7BB104 | C18: L1-PCBA | D18: =$D$4 -> Board RK3562 | E18: =$J$2 -> Gerber_CAMBOX_RK3562_lot500_2505 | F18: =$J$3 -> BOM_CameraBox_2026-04-14 2205 | G18: C12, C32, C39, C42, C43, C50, C51, C52, C54, C56, C58, C60, C61, C62, C63, C64, C65, C66, C67, C68, C69, C72, C73, C74, C75, C76, C77, C78, C79, C80, C82, C84, C86, C87, C88, C89, C91, C93, C94, C96, C97, C98, C99, C100, C102, C103, C108, C111, C113, C116, C118, C119, C120, C121, C124, C125, C126, C127, C128, C129, C130, C131, C132, C135, C137, C144, C145, C148, C160, C166, C167, C169, C171, C172, C173, C175, C178, C181, C182, C183, C184, C186, C189, C191, C192 | H18: Capacitor | I18: 16V 100nF X7R ±10% 0402 Multilayer Ceramic Capacitors MLCC - SMD/SMT ROHS | J18: 0402 | K18: SMD | L18: Mounted | M18: pcs | N18: 83 | O18: =$J$4 -> 500 | P18: =IF($N18="","",$N18*$O18) -> 41500 | Q18: Yageo | R18: CC0402KRX7R7BB104 | U18: Approved | V18: Approval Required | W18: Normal / Low | X18: Released | Y18: XFEMS Buy | AA18: LCSC | AC18: số lượng 86 giảm còn 83: C33, C144,C145 DNP | AE18: =VLOOKUP(R18,'[1]VNSH03 gia thanh sx '!$F$6:$G$171,2,0) -> 41000 | AF18: =P18-AE18 -> 500 | AG18: =IF(VLOOKUP(R18,'VNET-XF-2105'!$B$12:$D$145,3,0)>=P18,P18,VLOOKUP(R18,'VNET-XF-2105'!$B$12:$D$145,3,0)) -> 40570 | AH18: =IF(VLOOKUP(R18,'VNET-XF_dự kiến lần 2'!$B$2:$D$42,3,0)>=(P18-AG18),(P18-AG18),VLOOKUP(R18,'VNET-XF_dự kiến lần 2'!$B$2:$D$42,3,0)) -> 930 | AJ18: =P18-SUM(AG18:AI18) -> 0
A19: =ROW()-6 -> 13 | B19: =R19 -> RT1H101M0810 | C19: L1-PCBA | D19: =$D$4 -> Board RK3562 | E19: =$J$2 -> Gerber_CAMBOX_RK3562_lot500_2505 | F19: =$J$3 -> BOM_CameraBox_2026-04-14 2205 | G19: C45 | H19: Capacitor | I19: 100uF 50V 146mA@120Hz ±20% SMD,D8xL10.2mm Aluminum Electrolytic Capacitors - SMD ROHS | K19: SMD | L19: Mounted | M19: pcs | N19: 1 | O19: =$J$4 -> 500 | P19: =IF($N19="","",$N19*$O19) -> 500 | Q19: ROQANG | R19: RT1H101M0810 | U19: Approved | V19: Approval Required | W19: Normal / Low | X19: Released | Y19: XFEMS Buy | AA19: LCSC | AC19: SL giảm từ 2 xuống 1: C13 chuyển sang dòng 470uF | AE19: =VLOOKUP(R19,'[1]VNSH03 gia thanh sx '!$F$6:$G$171,2,0) -> 1000 | AF19: =P19-AE19 -> -500 | AG19: =IF(VLOOKUP(R19,'VNET-XF-2105'!$B$12:$D$145,3,0)>=P19,P19,VLOOKUP(R19,'VNET-XF-2105'!$B$12:$D$145,3,0)) -> 500 | AJ19: =P19-SUM(AG19:AI19) -> 0
A20: =ROW()-6 -> 14 | B20: =R20 -> CC0402KRX7R9BB822 | C20: L1-PCBA | D20: =$D$4 -> Board RK3562 | E20: =$J$2 -> Gerber_CAMBOX_RK3562_lot500_2505 | F20: =$J$3 -> BOM_CameraBox_2026-04-14 2205 | G20: C14 | H20: Capacitor | I20: 8.2nF ±10% 50V Ceramic Capacitor X7R 0402 | J20: 0402 | K20: SMD | L20: Mounted | M20: pcs | N20: 1 | O20: =$J$4 -> 500 | P20: =IF($N20="","",$N20*$O20) -> 500 | Q20: Yageo | R20: CC0402KRX7R9BB822 | U20: Approved | V20: Approval Required | W20: Normal / Low | X20: Released | Y20: XFEMS Buy | AA20: LCSC | AE20: =VLOOKUP(R20,'[1]VNSH03 gia thanh sx '!$F$6:$G$171,2,0) -> 500 | AF20: =P20-AE20 -> 0 | AG20: =IF(VLOOKUP(R20,'VNET-XF-2105'!$B$12:$D$145,3,0)>=P20,P20,VLOOKUP(R20,'VNET-XF-2105'!$B$12:$D$145,3,0)) -> 495 | AJ20: =P20-SUM(AG20:AI20) -> 5
A21: =ROW()-6 -> 15 | B21: =R21 -> RT1E470M0605 | C21: L1-PCBA | D21: =$D$4 -> Board RK3562 | E21: =$J$2 -> Gerber_CAMBOX_RK3562_lot500_2505 | F21: =$J$3 -> BOM_CameraBox_2026-04-14 2205 | G21: C197 | H21: Capacitor | I21: 47uF ±20% 25V Aluminum Electrolytic Capacitors 2000hrs@125℃ | K21: SMD | L21: Mounted | M21: pcs | N21: 1 | O21: =$J$4 -> 500 | P21: =IF($N21="","",$N21*$O21) -> 500 | Q21: ROQANG | R21: RT1E470M0605 | U21: Approved | V21: Approval Required | W21: Normal / Low | X21: Released | Y21: XFEMS Buy | AA21: LCSC | AC21: Thêm 1 | AE21: =VLOOKUP(R21,'[1]VNSH03 gia thanh sx '!$F$6:$G$171,2,0) -> 500 | AF21: =P21-AE21 -> 0 | AJ21: =P21-SUM(AG21:AI21) -> 500
A22: =ROW()-6 -> 16 | B22: =R22 -> EMK316BBJ476ML-T | C22: L1-PCBA | D22: =$D$4 -> Board RK3562 | E22: =$J$2 -> Gerber_CAMBOX_RK3562_lot500_2505 | F22: =$J$3 -> BOM_CameraBox_2026-04-14 2205 | G22: C20, C196 | H22: Capacitor | I22: 16V 47uF X5R ±20% 1206 Multilayer Ceramic Capacitors MLCC - SMD/SMT ROHS | J22: 1206 | K22: SMD | L22: Mounted | M22: pcs | N22: 0 | O22: =$J$4 -> 500 | P22: =IF($N22="","",$N22*$O22) -> 0 | Q22: Taiyo Yuden | R22: EMK316BBJ476ML-T | U22: Approved | V22: Approval Required | W22: Normal / Low | X22: Released | Y22: XFEMS Buy | AA22: LCSC | AB22: Mã này bỏ không hàn | AC22: SL giảm từ 1 xuống 0 : C20 DNP,Thêm C196 : DNP | AE22: =VLOOKUP(R22,'[1]VNSH03 gia thanh sx '!$F$6:$G$171,2,0) -> 500 | AF22: =P22-AE22 -> -500 | AG22: =IF(VLOOKUP(R22,'VNET-XF-2105'!$B$12:$D$145,3,0)>=P22,P22,VLOOKUP(R22,'VNET-XF-2105'!$B$12:$D$145,3,0)) -> 0 | AJ22: =P22-SUM(AG22:AI22) -> 0
A23: =ROW()-6 -> 17 | B23: =R23 -> CC0603KRX7R9BB474 | C23: L1-PCBA | D23: =$D$4 -> Board RK3562 | E23: =$J$2 -> Gerber_CAMBOX_RK3562_lot500_2505 | F23: =$J$3 -> BOM_CameraBox_2026-04-14 2205 | G23: C23 | H23: Capacitor | I23: 50V 470nF X7R ±10% 0603 Multilayer Ceramic Capacitors MLCC - SMD/SMT ROHS | J23: 0603 | K23: SMD | L23: Mounted | M23: pcs | N23: 1 | O23: =$J$4 -> 500 | P23: =IF($N23="","",$N23*$O23) -> 500 | Q23: Yageo | R23: CC0603KRX7R9BB474 | U23: Approved | V23: Approval Required | W23: Normal / Low | X23: Released | Y23: XFEMS Buy | AA23: LCSC | AE23: =VLOOKUP(R23,'[1]VNSH03 gia thanh sx '!$F$6:$G$171,2,0) -> 500 | AF23: =P23-AE23 -> 0 | AG23: =IF(VLOOKUP(R23,'VNET-XF-2105'!$B$12:$D$145,3,0)>=P23,P23,VLOOKUP(R23,'VNET-XF-2105'!$B$12:$D$145,3,0)) -> 495 | AJ23: =P23-SUM(AG23:AI23) -> 5
A24: =ROW()-6 -> 18 | B24: =R24 -> CC0603KRX7R9BB561 | C24: L1-PCBA | D24: =$D$4 -> Board RK3562 | E24: =$J$2 -> Gerber_CAMBOX_RK3562_lot500_2505 | F24: =$J$3 -> BOM_CameraBox_2026-04-14 2205 | G24: C24 | H24: Capacitor | I24: 560 pF ±10% 50V Ceramic Capacitor X7R 0603 (1608 Metric) | J24: 0603 | K24: SMD | L24: Mounted | M24: pcs | N24: 1 | O24: =$J$4 -> 500 | P24: =IF($N24="","",$N24*$O24) -> 500 | Q24: Yageo | R24: CC0603KRX7R9BB561 | U24: Approved | V24: Approval Required | W24: Normal / Low | X24: Released | Y24: XFEMS Buy | AA24: LCSC | AE24: =VLOOKUP(R24,'[1]VNSH03 gia thanh sx '!$F$6:$G$171,2,0) -> 500 | AF24: =P24-AE24 -> 0 | AG24: =IF(VLOOKUP(R24,'VNET-XF-2105'!$B$12:$D$145,3,0)>=P24,P24,VLOOKUP(R24,'VNET-XF-2105'!$B$12:$D$145,3,0)) -> 495 | AJ24: =P24-SUM(AG24:AI24) -> 5
A25: =ROW()-6 -> 19 | B25: =R25 -> CC0603JRNPO9BN750 | C25: L1-PCBA | D25: =$D$4 -> Board RK3562 | E25: =$J$2 -> Gerber_CAMBOX_RK3562_lot500_2505 | F25: =$J$3 -> BOM_CameraBox_2026-04-14 2205 | G25: C26 | H25: Capacitor | I25: 50V 75pF NP0 ±5% 0603 Multilayer Ceramic Capacitors MLCC - SMD/SMT ROHS | J25: 0603 | K25: SMD | L25: Mounted | M25: pcs | N25: 1 | O25: =$J$4 -> 500 | P25: =IF($N25="","",$N25*$O25) -> 500 | Q25: Yageo | R25: CC0603JRNPO9BN750 | U25: Approved | V25: Approval Required | W25: Normal / Low | X25: Released | Y25: XFEMS Buy | AA25: LCSC | AE25: =VLOOKUP(R25,'[1]VNSH03 gia thanh sx '!$F$6:$G$171,2,0) -> 500 | AF25: =P25-AE25 -> 0 | AG25: =IF(VLOOKUP(R25,'VNET-XF-2105'!$B$12:$D$145,3,0)>=P25,P25,VLOOKUP(R25,'VNET-XF-2105'!$B$12:$D$145,3,0)) -> 495 | AJ25: =P25-SUM(AG25:AI25) -> 5
A26: =ROW()-6 -> 20 | B26: =R26 -> CC0603KRX7R9BB563 | C26: L1-PCBA | D26: =$D$4 -> Board RK3562 | E26: =$J$2 -> Gerber_CAMBOX_RK3562_lot500_2505 | F26: =$J$3 -> BOM_CameraBox_2026-04-14 2205 | G26: C27 | H26: Capacitor | I26: 50V 56nF X7R ±10% 0603 Multilayer Ceramic Capacitors MLCC - SMD/SMT ROHS | J26: 0603 | K26: SMD | L26: Mounted | M26: pcs | N26: 1 | O26: =$J$4 -> 500 | P26: =IF($N26="","",$N26*$O26) -> 500 | Q26: Yageo | R26: CC0603KRX7R9BB563 | U26: Approved | V26: Approval Required | W26: Normal / Low | X26: Released | Y26: XFEMS Buy | AA26: LCSC | AE26: =VLOOKUP(R26,'[1]VNSH03 gia thanh sx '!$F$6:$G$171,2,0) -> 500 | AF26: =P26-AE26 -> 0 | AG26: =IF(VLOOKUP(R26,'VNET-XF-2105'!$B$12:$D$145,3,0)>=P26,P26,VLOOKUP(R26,'VNET-XF-2105'!$B$12:$D$145,3,0)) -> 495 | AJ26: =P26-SUM(AG26:AI26) -> 5
A27: =ROW()-6 -> 21 | B27: =R27 -> CC0402FRNPO9BN101 | C27: L1-PCBA | D27: =$D$4 -> Board RK3562 | E27: =$J$2 -> Gerber_CAMBOX_RK3562_lot500_2505 | F27: =$J$3 -> BOM_CameraBox_2026-04-14 2205 | G27: C28, C29, C40, C41, C44, C143, C152, C153, C161, C162 | H27: Capacitor | I27: 50V 100pF NP0 ±1% 0402 Multilayer Ceramic Capacitors MLCC - SMD/SMT ROHS | J27: 0402 | K27: SMD | L27: Mounted | M27: pcs | N27: 9 | O27: =$J$4 -> 500 | P27: =IF($N27="","",$N27*$O27) -> 4500 | Q27: Yageo | R27: CC0402FRNPO9BN101 | U27: Approved | V27: Approval Required | W27: Normal / Low | X27: Released | Y27: XFEMS Buy | AA27: LCSC | AC27: SL giảm 11 xuống 9, DNP C194,C29 | AE27: =VLOOKUP(R27,'[1]VNSH03 gia thanh sx '!$F$6:$G$171,2,0) -> 4000 | AF27: =P27-AE27 -> 500 | AG27: =IF(VLOOKUP(R27,'VNET-XF-2105'!$B$12:$D$145,3,0)>=P27,P27,VLOOKUP(R27,'VNET-XF-2105'!$B$12:$D$145,3,0)) -> 3945 | AH27: =IF(VLOOKUP(R27,'VNET-XF_dự kiến lần 2'!$B$2:$D$42,3,0)>=(P27-AG27),(P27-AG27),VLOOKUP(R27,'VNET-XF_dự kiến lần 2'!$B$2:$D$42,3,0)) -> 555 | AJ27: =P27-SUM(AG27:AI27) -> 0
A28: =ROW()-6 -> 22 | B28: =R28 -> C0603X7R104K500NT | C28: L1-PCBA | D28: =$D$4 -> Board RK3562 | E28: =$J$2 -> Gerber_CAMBOX_RK3562_lot500_2505 | F28: =$J$3 -> BOM_CameraBox_2026-04-14 2205 | G28: C30 | H28: Capacitor | I28: CAP CER 0.1UF 50V X7R 0603 | J28: 0603 | K28: SMD | L28: Mounted | M28: pcs | N28: 1 | O28: =$J$4 -> 500 | P28: =IF($N28="","",$N28*$O28) -> 500 | Q28: Hottech | R28: C0603X7R104K500NT | U28: Approved | V28: Approval Required | W28: Normal / Low | X28: Released | Y28: XFEMS Buy | AA28: LCSC | AE28: =VLOOKUP(R28,'[1]VNSH03 gia thanh sx '!$F$6:$G$171,2,0) -> 500 | AF28: =P28-AE28 -> 0 | AG28: =IF(VLOOKUP(R28,'VNET-XF-2105'!$B$12:$D$145,3,0)>=P28,P28,VLOOKUP(R28,'VNET-XF-2105'!$B$12:$D$145,3,0)) -> 500 | AH28: =IF(VLOOKUP(R28,'VNET-XF_dự kiến lần 2'!$B$2:$D$42,3,0)>=(P28-AG28),(P28-AG28),VLOOKUP(R28,'VNET-XF_dự kiến lần 2'!$B$2:$D$42,3,0)) -> 0 | AJ28: =P28-SUM(AG28:AI28) -> 0
A29: =ROW()-6 -> 23 | B29: =R29 -> C0805X5R106K160NT | C29: L1-PCBA | D29: =$D$4 -> Board RK3562 | E29: =$J$2 -> Gerber_CAMBOX_RK3562_lot500_2505 | F29: =$J$3 -> BOM_CameraBox_2026-04-14 2205 | G29: C31, C38, C55, C70, C71, C81, C83, C85, C90, C92, C95, C101, C104, C107, C110, C112, C115, C117, C122, C123, C136, C138, C155, C165, C168, C185, C188, C190 | H29: Capacitor | I29: CAP CER 10uF 16V X5R 0805 | J29: 0805 | K29: SMD | L29: Mounted | M29: pcs | N29: 28 | O29: =$J$4 -> 500 | P29: =IF($N29="","",$N29*$O29) -> 14000 | Q29: Hottech | R29: C0805X5R106K160NT | S29: FH | T29: 0805X106K160NT | U29: Approved | V29: Approval Required | W29: Normal / Low | X29: Released | Y29: XFEMS Buy | AA29: LCSC | AC29: Part 2 có 13360pcs | AE29: =VLOOKUP(R29,'[1]VNSH03 gia thanh sx '!$F$6:$G$171,2,0) -> 13500 | AF29: =P29-AE29 -> 500 | AG29: 13360 | AH29: =IF(VLOOKUP(R29,'VNET-XF_dự kiến lần 2'!$B$2:$D$42,3,0)>=(P29-AG29),(P29-AG29),VLOOKUP(R29,'VNET-XF_dự kiến lần 2'!$B$2:$D$42,3,0)) -> 500 | AJ29: =P29-SUM(AG29:AI29) -> 140
A30: =ROW()-6 -> 24 | B30: =R30 -> C0603X5R475K350NT | C30: L1-PCBA | D30: =$D$4 -> Board RK3562 | E30: =$J$2 -> Gerber_CAMBOX_RK3562_lot500_2505 | F30: =$J$3 -> BOM_CameraBox_2026-04-14 2205 | G30: C34, C36, C157 | H30: Capacitor | I30: 4.7uF 35V ±10% 0603 Multilayer Ceramic Capacitors MLCC - SMD/SMT ROHS | K30: SMD | L30: Mounted | M30: pcs | N30: 3 | O30: =$J$4 -> 500 | P30: =IF($N30="","",$N30*$O30) -> 1500 | Q30: SANYEAR | R30: C0603X5R475K350NT | U30: Approved | V30: Approval Required | W30: Normal / Low | X30: Released | Y30: XFEMS Buy | AA30: LCSC | AE30: =VLOOKUP(R30,'[1]VNSH03 gia thanh sx '!$F$6:$G$171,2,0) -> 1500 | AF30: =P30-AE30 -> 0 | AG30: =IF(VLOOKUP(R30,'VNET-XF-2105'!$B$12:$D$145,3,0)>=P30,P30,VLOOKUP(R30,'VNET-XF-2105'!$B$12:$D$145,3,0)) -> 1485 | AJ30: =P30-SUM(AG30:AI30) -> 15
A31: =ROW()-6 -> 25 | B31: =R31 -> CL05C330JB5NNNC | C31: L1-PCBA | D31: =$D$4 -> Board RK3562 | E31: =$J$2 -> Gerber_CAMBOX_RK3562_lot500_2505 | F31: =$J$3 -> BOM_CameraBox_2026-04-14 2205 | G31: C46, C47, C149, C150, C151, C159, C176, C177 | H31: Capacitor | I31: C0G 33pF 50V ±5% 0402 Multilayer Ceramic Capacitors MLCC - SMD/SMT ROHS | J31: 0402 | K31: SMD | L31: Mounted | M31: pcs | N31: 8 | O31: =$J$4 -> 500 | P31: =IF($N31="","",$N31*$O31) -> 4000 | Q31: Samsung Electro-Mechanics | R31: CL05C330JB5NNNC | U31: Approved | V31: Approval Required | W31: Normal / Low | X31: Released | Y31: XFEMS Buy | AA31: LCSC | AE31: =VLOOKUP(R31,'[1]VNSH03 gia thanh sx '!$F$6:$G$171,2,0) -> 4000 | AF31: =P31-AE31 -> 0 | AG31: =IF(VLOOKUP(R31,'VNET-XF-2105'!$B$12:$D$145,3,0)>=P31,P31,VLOOKUP(R31,'VNET-XF-2105'!$B$12:$D$145,3,0)) -> 3960 | AJ31: =P31-SUM(AG31:AI31) -> 40
A32: =ROW()-6 -> 26 | B32: =R32 -> CL10A226MQ8NRNE | C32: L1-PCBA | D32: =$D$4 -> Board RK3562 | E32: =$J$2 -> Gerber_CAMBOX_RK3562_lot500_2505 | F32: =$J$3 -> BOM_CameraBox_2026-04-14 2205 | G32: C53 | H32: Capacitor | I32: CAP CER 22UF 6.3V X5R 0603 | J32: 0603 | K32: SMD | L32: Mounted | M32: pcs | N32: 1 | O32: =$J$4 -> 500 | P32: =IF($N32="","",$N32*$O32) -> 500 | Q32: Samsung Electro-Mechanics | R32: CL10A226MQ8NRNE | U32: Approved | V32: Approval Required | W32: Normal / Low | X32: Released | Y32: XFEMS Buy | AA32: LCSC | AE32: =VLOOKUP(R32,'[1]VNSH03 gia thanh sx '!$F$6:$G$171,2,0) -> 500 | AF32: =P32-AE32 -> 0 | AG32: =IF(VLOOKUP(R32,'VNET-XF-2105'!$B$12:$D$145,3,0)>=P32,P32,VLOOKUP(R32,'VNET-XF-2105'!$B$12:$D$145,3,0)) -> 495 | AJ32: =P32-SUM(AG32:AI32) -> 5
A33: =ROW()-6 -> 27 | B33: =R33 -> C1206X5R106K500NT | C33: L1-PCBA | D33: =$D$4 -> Board RK3562 | E33: =$J$2 -> Gerber_CAMBOX_RK3562_lot500_2505 | F33: =$J$3 -> BOM_CameraBox_2026-04-14 2205 | G33: C105 | H33: Capacitor | I33: CAP CER 10uF 50V X5R 1206 | J33: 1206 | K33: SMD | L33: Mounted | M33: pcs | N33: 1 | O33: =$J$4 -> 500 | P33: =IF($N33="","",$N33*$O33) -> 500 | Q33: Hottech | R33: C1206X5R106K500NT | U33: Approved | V33: Approval Required | W33: Normal / Low | X33: Released | Y33: XFEMS Buy | AA33: LCSC | AE33: =VLOOKUP(R33,'[1]VNSH03 gia thanh sx '!$F$6:$G$171,2,0) -> 500 | AF33: =P33-AE33 -> 0 | AJ33: =P33-SUM(AG33:AI33) -> 500
A34: =ROW()-6 -> 28 | B34: =R34 -> CC0402FRNPO9BN120 | C34: L1-PCBA | D34: =$D$4 -> Board RK3562 | E34: =$J$2 -> Gerber_CAMBOX_RK3562_lot500_2505 | F34: =$J$3 -> BOM_CameraBox_2026-04-14 2205 | G34: C133, C134 | H34: Capacitor | I34: 50V 12pF NP0 ±1% 0402 Multilayer Ceramic Capacitors MLCC - SMD/SMT ROHS | J34: 0402 | K34: SMD | L34: Mounted | M34: pcs | N34: 2 | O34: =$J$4 -> 500 | P34: =IF($N34="","",$N34*$O34) -> 1000 | Q34: Yageo | R34: CC0402FRNPO9BN120 | U34: Approved | V34: Approval Required | W34: Normal / Low | X34: Released | Y34: XFEMS Buy | AA34: LCSC | AE34: =VLOOKUP(R34,'[1]VNSH03 gia thanh sx '!$F$6:$G$171,2,0) -> 1000 | AF34: =P34-AE34 -> 0 | AG34: =IF(VLOOKUP(R34,'VNET-XF-2105'!$B$12:$D$145,3,0)>=P34,P34,VLOOKUP(R34,'VNET-XF-2105'!$B$12:$D$145,3,0)) -> 990 | AJ34: =P34-SUM(AG34:AI34) -> 10
A35: =ROW()-6 -> 29 | B35: =R35 -> EMK325ABJ107MM-T | C35: L1-PCBA | D35: =$D$4 -> Board RK3562 | E35: =$J$2 -> Gerber_CAMBOX_RK3562_lot500_2505 | F35: =$J$3 -> BOM_CameraBox_2026-04-14 2205 | G35: C140, C146 | H35: Capacitor | I35: 100uF ±20% 16V Ceramic Capacitor X5R 1210 | J35: 1210 | K35: SMD | L35: Mounted | M35: pcs | N35: 2 | O35: =$J$4 -> 500 | P35: =IF($N35="","",$N35*$O35) -> 1000 | Q35: Taiyo Yuden | R35: EMK325ABJ107MM-T | U35: Approved | V35: Approval Required | W35: Normal / Low | X35: Released | Y35: XFEMS Buy | AA35: LCSC | AE35: =VLOOKUP(R35,'[1]VNSH03 gia thanh sx '!$F$6:$G$171,2,0) -> 1000 | AF35: =P35-AE35 -> 0 | AG35: =IF(VLOOKUP(R35,'VNET-XF-2105'!$B$12:$D$145,3,0)>=P35,P35,VLOOKUP(R35,'VNET-XF-2105'!$B$12:$D$145,3,0)) -> 500 | AH35: =IF(VLOOKUP(R35,'VNET-XF_dự kiến lần 2'!$B$2:$D$42,3,0)>=(P35-AG35),(P35-AG35),VLOOKUP(R35,'VNET-XF_dự kiến lần 2'!$B$2:$D$42,3,0)) -> 500 | AJ35: =P35-SUM(AG35:AI35) -> 0
A36: =ROW()-6 -> 30 | B36: =R36 -> 0805CG330J500NT | C36: L1-PCBA | D36: =$D$4 -> Board RK3562 | E36: =$J$2 -> Gerber_CAMBOX_RK3562_lot500_2505 | F36: =$J$3 -> BOM_CameraBox_2026-04-14 2205 | G36: C141 | H36: Capacitor | I36: 50V 33pF C0G ±5% 0805 Multilayer Ceramic Capacitors MLCC - SMD/SMT ROHS | J36: 0805 | K36: SMD | L36: Mounted | M36: pcs | N36: 1 | O36: =$J$4 -> 500 | P36: =IF($N36="","",$N36*$O36) -> 500 | Q36: FH(Guangdong Fenghua Advanced Tech) | R36: 0805CG330J500NT | U36: Approved | V36: Approval Required | W36: Normal / Low | X36: Released | Y36: XFEMS Buy | AA36: LCSC | AE36: =VLOOKUP(R36,'[1]VNSH03 gia thanh sx '!$F$6:$G$171,2,0) -> 1000 | AF36: =P36-AE36 -> -500 | AG36: =IF(VLOOKUP(R36,'VNET-XF-2105'!$B$12:$D$145,3,0)>=P36,P36,VLOOKUP(R36,'VNET-XF-2105'!$B$12:$D$145,3,0)) -> 495 | AJ36: =P36-SUM(AG36:AI36) -> 5
A37: =ROW()-6 -> 31 | B37: =R37 -> FN21N100J500PAG | C37: L1-PCBA | D37: =$D$4 -> Board RK3562 | E37: =$J$2 -> Gerber_CAMBOX_RK3562_lot500_2505 | F37: =$J$3 -> BOM_CameraBox_2026-04-14 2205 | G37: C142 | H37: Capacitor | I37: 50V 10pF C0G ±5% 0805 Multilayer Ceramic Capacitors MLCC - SMD/SMT ROHS | J37: 0805 | K37: SMD | L37: Mounted | M37: pcs | N37: 1 | O37: =$J$4 -> 500 | P37: =IF($N37="","",$N37*$O37) -> 500 | Q37: PSA(Prosperity Dielectrics) | R37: FN21N100J500PAG | U37: Approved | V37: Approval Required | W37: Normal / Low | X37: Released | Y37: XFEMS Buy | AA37: LCSC | AE37: =VLOOKUP(R37,'[1]VNSH03 gia thanh sx '!$F$6:$G$171,2,0) -> 500 | AF37: =P37-AE37 -> 0 | AG37: =IF(VLOOKUP(R37,'VNET-XF-2105'!$B$12:$D$145,3,0)>=P37,P37,VLOOKUP(R37,'VNET-XF-2105'!$B$12:$D$145,3,0)) -> 495 | AJ37: =P37-SUM(AG37:AI37) -> 5
A38: =ROW()-6 -> 32 | B38: =R38 -> CCTC TCC1206X7R225K101HT | C38: L1-PCBA | D38: =$D$4 -> Board RK3562 | E38: =$J$2 -> Gerber_CAMBOX_RK3562_lot500_2505 | F38: =$J$3 -> BOM_CameraBox_2026-04-14 2205 | G38: C195 | H38: Capacitor | I38: 100V 2.2uF X7R ±10% 1206 Multilayer Ceramic Capacitors MLCC - SMD/SMT ROHS | J38: 1206 | K38: SMD | L38: Mounted | M38: pcs | N38: 1 | O38: =$J$4 -> 500 | P38: =IF($N38="","",$N38*$O38) -> 500 | Q38: CCTC | R38: CCTC TCC1206X7R225K101HT | U38: Approved | V38: Approval Required | W38: Normal / Low | X38: Released | Y38: XFEMS Buy | AA38: LCSC | AC38: SL thêm 1:Thêm C195 | AE38: =VLOOKUP(R38,'[1]VNSH03 gia thanh sx '!$F$6:$G$171,2,0) -> #REF! | AF38: =P38-AE38 -> #REF! | AJ38: =P38-SUM(AG38:AI38) -> 500
A39: =ROW()-6 -> 33 | B39: =R39 -> CL10A225KQ8NNNC | C39: L1-PCBA | D39: =$D$4 -> Board RK3562 | E39: =$J$2 -> Gerber_CAMBOX_RK3562_lot500_2505 | F39: =$J$3 -> BOM_CameraBox_2026-04-14 2205 | G39: C154 | H39: Capacitor | I39: 2.2uF ±10% 6.3V X5R 0603 Multilayer Ceramic Capacitors MLCC - SMD/SMT RoHS | J39: 0603 | K39: SMD | L39: Mounted | M39: pcs | N39: 1 | O39: =$J$4 -> 500 | P39: =IF($N39="","",$N39*$O39) -> 500 | Q39: Samsung Electro-Mechanics | R39: CL10A225KQ8NNNC | U39: Approved | V39: Approval Required | W39: Normal / Low | X39: Released | Y39: XFEMS Buy | AA39: LCSC | AE39: =VLOOKUP(R39,'[1]VNSH03 gia thanh sx '!$F$6:$G$171,2,0) -> 500 | AF39: =P39-AE39 -> 0 | AG39: =IF(VLOOKUP(R39,'VNET-XF-2105'!$B$12:$D$145,3,0)>=P39,P39,VLOOKUP(R39,'VNET-XF-2105'!$B$12:$D$145,3,0)) -> 495 | AJ39: =P39-SUM(AG39:AI39) -> 5
A40: =ROW()-6 -> 34 | B40: =R40 -> CL05A105KO5NNNC | C40: L1-PCBA | D40: =$D$4 -> Board RK3562 | E40: =$J$2 -> Gerber_CAMBOX_RK3562_lot500_2505 | F40: =$J$3 -> BOM_CameraBox_2026-04-14 2205 | G40: C170, C174, C199 | H40: Capacitor | I40: 16V 1uF X5R ±10% 0402 Multilayer Ceramic Capacitors MLCC - SMD/SMT ROHS | J40: 0402 | K40: SMD | L40: Mounted | M40: pcs | N40: 3 | O40: =$J$4 -> 500 | P40: =IF($N40="","",$N40*$O40) -> 1500 | Q40: Samsung Electro-Mechanics | R40: CL05A105KO5NNNC | U40: Approved | V40: Approval Required | W40: Normal / Low | X40: Released | Y40: XFEMS Buy | AA40: LCSC | AC40: SL tăng 2 lên 3: Thêm C199 | AE40: =VLOOKUP(R40,'[1]VNSH03 gia thanh sx '!$F$6:$G$171,2,0) -> 1000 | AF40: =P40-AE40 -> 500 | AG40: =IF(VLOOKUP(R40,'VNET-XF-2105'!$B$12:$D$145,3,0)>=P40,P40,VLOOKUP(R40,'VNET-XF-2105'!$B$12:$D$145,3,0)) -> 990 | AJ40: =P40-SUM(AG40:AI40) -> 510
A41: =ROW()-6 -> 35 | B41: =R41 -> TAJB476K010RNJ | C41: L1-PCBA | D41: =$D$4 -> Board RK3562 | E41: =$J$2 -> Gerber_CAMBOX_RK3562_lot500_2505 | F41: =$J$3 -> BOM_CameraBox_2026-04-14 2205 | G41: C179, C180 | H41: Capacitor | I41: 10V 1Ω@100kHz 47uF ±10% CASE-B-3528-21(mm) Tantalum Capacitors ROHS | K41: SMD | L41: Mounted | M41: pcs | N41: 2 | O41: =$J$4 -> 500 | P41: =IF($N41="","",$N41*$O41) -> 1000 | Q41: Kyocera AVX | R41: TAJB476K010RNJ | U41: Approved | V41: Approval Required | W41: Normal / Low | X41: Released | Y41: XFEMS Buy | AA41: LCSC | AE41: =VLOOKUP(R41,'[1]VNSH03 gia thanh sx '!$F$6:$G$171,2,0) -> 1000 | AF41: =P41-AE41 -> 0 | AG41: =IF(VLOOKUP(R41,'VNET-XF-2105'!$B$12:$D$145,3,0)>=P41,P41,VLOOKUP(R41,'VNET-XF-2105'!$B$12:$D$145,3,0)) -> 990 | AJ41: =P41-SUM(AG41:AI41) -> 10
A42: =ROW()-6 -> 36 | B42: =R42 -> MY-2016-02 | C42: L1-PCBA | D42: =$D$4 -> Board RK3562 | E42: =$J$2 -> Gerber_CAMBOX_RK3562_lot500_2505 | F42: =$J$3 -> BOM_CameraBox_2026-04-14 2205 | G42: J5 | H42: Connector | I42: Battery Clip Nickel -25℃~+85℃ Phosphor Bronze CR2016 SMD Blade Type Power Connector Assemblies RoHS | K42: SMD | L42: Mounted | M42: pcs | N42: 1 | O42: =$J$4 -> 500 | P42: =IF($N42="","",$N42*$O42) -> 500 | Q42: MYOUNG | R42: MY-2016-02 | U42: Approved | V42: Approval Required | W42: Normal / Low | X42: Released | Y42: XFEMS Buy | AA42: LCSC | AE42: =VLOOKUP(R42,'[1]VNSH03 gia thanh sx '!$F$6:$G$171,2,0) -> 500 | AF42: =P42-AE42 -> 0 | AG42: =IF(VLOOKUP(R42,'VNET-XF-2105'!$B$12:$D$145,3,0)>=P42,P42,VLOOKUP(R42,'VNET-XF-2105'!$B$12:$D$145,3,0)) -> 495 | AH42: =IF(VLOOKUP(R42,'VNET-XF_dự kiến lần 2'!$B$2:$D$42,3,0)>=(P42-AG42),(P42-AG42),VLOOKUP(R42,'VNET-XF_dự kiến lần 2'!$B$2:$D$42,3,0)) -> 5 | AJ42: =P42-SUM(AG42:AI42) -> 0
A43: =ROW()-6 -> 37 | B43: =R43 -> M6110-01 | C43: L1-PCBA | D43: =$D$4 -> Board RK3562 | E43: =$J$2 -> Gerber_CAMBOX_RK3562_lot500_2505 | F43: =$J$3 -> BOM_CameraBox_2026-04-14 2205 | G43: J6 | H43: Connector | I43: NANO SIM+TF /NANO SIM*2 | K43: SMD | L43: Mounted | M43: pcs | N43: 1 | O43: =$J$4 -> 500 | P43: =IF($N43="","",$N43*$O43) -> 500 | Q43: MUP | R43: M6110-01 | U43: Approved | V43: Approval Required | W43: Normal / Low | X43: Released | Y43: XFEMS Buy | AA43: LCSC | AE43: =VLOOKUP(R43,'[1]VNSH03 gia thanh sx '!$F$6:$G$171,2,0) -> 500 | AF43: =P43-AE43 -> 0 | AG43: =IF(VLOOKUP(R43,'VNET-XF-2105'!$B$12:$D$145,3,0)>=P43,P43,VLOOKUP(R43,'VNET-XF-2105'!$B$12:$D$145,3,0)) -> 495 | AJ43: =P43-SUM(AG43:AI43) -> 5
A44: =ROW()-6 -> 38 | B44: =R44 -> KH-IPEX-K501-29 | C44: L1-PCBA | D44: =$D$4 -> Board RK3562 | E44: =$J$2 -> Gerber_CAMBOX_RK3562_lot500_2505 | F44: =$J$3 -> BOM_CameraBox_2026-04-14 2205 | G44: J7, J8, J9 | H44: Connector | I44: 1 Inner pin IPEX Board-End 1.25mm -40℃~+90℃ 3GHz 50Ω 2mm SMD Coaxial Connectors (RF) ROHS | K44: SMD | L44: Mounted | M44: pcs | N44: 3 | O44: =$J$4 -> 500 | P44: =IF($N44="","",$N44*$O44) -> 1500 | Q44: Shenzhen Kinghelm Elec | R44: KH-IPEX-K501-29 | U44: Approved | V44: Approval Required | W44: Normal / Low | X44: Released | Y44: XFEMS Buy | AA44: LCSC | AE44: =VLOOKUP(R44,'[1]VNSH03 gia thanh sx '!$F$6:$G$171,2,0) -> 1000 | AF44: =P44-AE44 -> 500 | AG44: =IF(VLOOKUP(R44,'VNET-XF-2105'!$B$12:$D$145,3,0)>=P44,P44,VLOOKUP(R44,'VNET-XF-2105'!$B$12:$D$145,3,0)) -> 985 | AH44: =IF(VLOOKUP(R44,'VNET-XF_dự kiến lần 2'!$B$2:$D$42,3,0)>=(P44-AG44),(P44-AG44),VLOOKUP(R44,'VNET-XF_dự kiến lần 2'!$B$2:$D$42,3,0)) -> 500 | AJ44: =P44-SUM(AG44:AI44) -> 15
A45: =ROW()-6 -> 39 | B45: =R45 -> APCI0146-P001A | C45: L1-PCBA | D45: =$D$4 -> Board RK3562 | E45: =$J$2 -> Gerber_CAMBOX_RK3562_lot500_2505 | F45: =$J$3 -> BOM_CameraBox_2026-04-14 2205 | G45: J13 | H45: Connector | I45: 67P Surface Mount, Right Angle SMD,P=0.5mm,Surface Mount,Right Angle Centronics Connectors ROHS | K45: SMD | L45: Mounted | M45: pcs | N45: 1 | O45: =$J$4 -> 500 | P45: =IF($N45="","",$N45*$O45) -> 500 | Q45: LOTES | R45: APCI0146-P001A | U45: Approved | V45: Approval Required | W45: Normal / Low | X45: Released | Y45: XFEMS Buy | AA45: LCSC | AE45: =VLOOKUP(R45,'[1]VNSH03 gia thanh sx '!$F$6:$G$171,2,0) -> 500 | AF45: =P45-AE45 -> 0 | AG45: =IF(VLOOKUP(R45,'VNET-XF-2105'!$B$12:$D$145,3,0)>=P45,P45,VLOOKUP(R45,'VNET-XF-2105'!$B$12:$D$145,3,0)) -> 495 | AJ45: =P45-SUM(AG45:AI45) -> 5
A46: =ROW()-6 -> 40 | B46: =R46 -> C7802-02 | C46: L1-PCBA | D46: =$D$4 -> Board RK3562 | E46: =$J$2 -> Gerber_CAMBOX_RK3562_lot500_2505 | F46: =$J$3 -> BOM_CameraBox_2026-04-14 2205 | G46: J23 | H46: Connector | I46: Card Connector NANO SIM Hinged Lid Surface Mount | K46: SMD | L46: Mounted | M46: pcs | N46: 1 | O46: =$J$4 -> 500 | P46: =IF($N46="","",$N46*$O46) -> 500 | Q46: MUP | R46: C7802-02 | U46: Approved | V46: Approval Required | W46: Normal / Low | X46: Released | Y46: XFEMS Buy | AA46: LCSC | AE46: =VLOOKUP(R46,'[1]VNSH03 gia thanh sx '!$F$6:$G$171,2,0) -> 500 | AF46: =P46-AE46 -> 0 | AG46: =IF(VLOOKUP(R46,'VNET-XF-2105'!$B$12:$D$145,3,0)>=P46,P46,VLOOKUP(R46,'VNET-XF-2105'!$B$12:$D$145,3,0)) -> 495 | AJ46: =P46-SUM(AG46:AI46) -> 5
A47: =ROW()-6 -> 41 | B47: =R47 -> 2.D.1.270002002 | C47: L1-PCBA | D47: =$D$4 -> Board RK3562 | E47: =$J$2 -> Gerber_CAMBOX_RK3562_lot500_2505 | F47: =$J$3 -> BOM_CameraBox_2026-04-14 2205 | G47: X1 | H47: Crystal | I47: Crystal 27MHz 10ppm 20pF 60Ω SMD2016-4P | K47: SMD | L47: Mounted | M47: pcs | N47: 1 | O47: =$J$4 -> 500 | P47: =IF($N47="","",$N47*$O47) -> 500 | Q47: MDH | R47: 2.D.1.270002002 | U47: Approved | V47: Approval Required | W47: Normal / Low | X47: Released | Y47: XFEMS Buy | AA47: LCSC | AE47: =VLOOKUP(R47,'[1]VNSH03 gia thanh sx '!$F$6:$G$171,2,0) -> 500 | AF47: =P47-AE47 -> 0 | AH47: =IF(VLOOKUP(R47,'VNET-XF_dự kiến lần 2'!$B$2:$D$42,3,0)>=(P47-AG47),(P47-AG47),VLOOKUP(R47,'VNET-XF_dự kiến lần 2'!$B$2:$D$42,3,0)) -> 500 | AJ47: =P47-SUM(AG47:AI47) -> 0
A48: =ROW()-6 -> 42 | B48: =R48 -> ABS07-32.768KHZ-T | C48: L1-PCBA | D48: =$D$4 -> Board RK3562 | E48: =$J$2 -> Gerber_CAMBOX_RK3562_lot500_2505 | F48: =$J$3 -> BOM_CameraBox_2026-04-14 2205 | G48: X2 | H48: Crystal | I48: CRYSTAL 32.7680KHZ 12.5PF SMD | K48: SMD | L48: Mounted | M48: pcs | N48: 1 | O48: =$J$4 -> 500 | P48: =IF($N48="","",$N48*$O48) -> 500 | Q48: Abracon LLC | R48: ABS07-32.768KHZ-T | U48: Approved | V48: Approval Required | W48: Normal / Low | X48: Released | Y48: XFEMS Buy | AA48: LCSC | AE48: =VLOOKUP(R48,'[1]VNSH03 gia thanh sx '!$F$6:$G$171,2,0) -> 500 | AF48: =P48-AE48 -> 0 | AG48: =IF(VLOOKUP(R48,'VNET-XF-2105'!$B$12:$D$145,3,0)>=P48,P48,VLOOKUP(R48,'VNET-XF-2105'!$B$12:$D$145,3,0)) -> 495 | AJ48: =P48-SUM(AG48:AI48) -> 5
A49: =ROW()-6 -> 43 | B49: =R49 -> SX20Y025000B91T002 | C49: L1-PCBA | D49: =$D$4 -> Board RK3562 | E49: =$J$2 -> Gerber_CAMBOX_RK3562_lot500_2505 | F49: =$J$3 -> BOM_CameraBox_2026-04-14 2205 | G49: X3 | H49: Crystal | I49: 25MHz 9pF ±10ppm SMD2016-4P Crystals ROHS | K49: SMD | L49: Mounted | M49: pcs | N49: 1 | O49: =$J$4 -> 500 | P49: =IF($N49="","",$N49*$O49) -> 500 | Q49: TKD | R49: SX20Y025000B91T002 | U49: Approved | V49: Approval Required | W49: Normal / Low | X49: Released | Y49: XFEMS Buy | AA49: LCSC | AE49: =VLOOKUP(R49,'[1]VNSH03 gia thanh sx '!$F$6:$G$171,2,0) -> 500 | AF49: =P49-AE49 -> 0 | AG49: =IF(VLOOKUP(R49,'VNET-XF-2105'!$B$12:$D$145,3,0)>=P49,P49,VLOOKUP(R49,'VNET-XF-2105'!$B$12:$D$145,3,0)) -> 495 | AJ49: =P49-SUM(AG49:AI49) -> 5
A50: =ROW()-6 -> 44 | B50: =R50 -> ESD5Z5V0 | C50: L1-PCBA | D50: =$D$4 -> Board RK3562 | E50: =$J$2 -> Gerber_CAMBOX_RK3562_lot500_2505 | F50: =$J$3 -> BOM_CameraBox_2026-04-14 2205 | G50: D1, D5, D30 | H50: Diode | I50: Unidirectional 5V (Max) 6.2V 18.6V 9.4A SOD-523 TVS RoHs | K50: SMD | L50: Mounted | M50: pcs | N50: 3 | O50: =$J$4 -> 500 | P50: =IF($N50="","",$N50*$O50) -> 1500 | Q50: Tak cheong | R50: ESD5Z5V0 | U50: Approved | V50: Approval Required | W50: Normal / Low | X50: Released | Y50: XFEMS Buy | AA50: LCSC | AC50: SL giảm 11 xuống 3: DNP D8,9,10,11,14,15,16,17 | AE50: =VLOOKUP(R50,'[1]VNSH03 gia thanh sx '!$F$6:$G$171,2,0) -> 4500 | AF50: =P50-AE50 -> -3000 | AG50: =IF(VLOOKUP(R50,'VNET-XF-2105'!$B$12:$D$145,3,0)>=P50,P50,VLOOKUP(R50,'VNET-XF-2105'!$B$12:$D$145,3,0)) -> 1500 | AH50: =IF(VLOOKUP(R50,'VNET-XF_dự kiến lần 2'!$B$2:$D$42,3,0)>=(P50-AG50),(P50-AG50),VLOOKUP(R50,'VNET-XF_dự kiến lần 2'!$B$2:$D$42,3,0)) -> 0 | AJ50: =P50-SUM(AG50:AI50) -> 0
A51: =ROW()-6 -> 45 | B51: =R51 -> LM-AZ6118-01F | C51: L1-PCBA | D51: =$D$4 -> Board RK3562 | E51: =$J$2 -> Gerber_CAMBOX_RK3562_lot500_2505 | F51: =$J$3 -> BOM_CameraBox_2026-04-14 2205 | G51: D2, D4, D42, D43, D50, D51 | H51: Diode | I51: DFN1006-2 TVS Diodes ROHS | J51: DFN1006-2 | K51: SMD | L51: Mounted | M51: pcs | N51: 6 | O51: =$J$4 -> 500 | P51: =IF($N51="","",$N51*$O51) -> 3000 | Q51: Leiditech | R51: LM-AZ6118-01F | U51: Approved | V51: Approval Required | W51: Normal / Low | X51: Released | Y51: XFEMS Buy | AA51: LCSC | AE51: =VLOOKUP(R51,'[1]VNSH03 gia thanh sx '!$F$6:$G$171,2,0) -> 3000 | AF51: =P51-AE51 -> 0 | AG51: =IF(VLOOKUP(R51,'VNET-XF-2105'!$B$12:$D$145,3,0)>=P51,P51,VLOOKUP(R51,'VNET-XF-2105'!$B$12:$D$145,3,0)) -> 2970 | AJ51: =P51-SUM(AG51:AI51) -> 30
A52: =ROW()-6 -> 46 | B52: =R52 -> PDS760-13 | C52: L1-PCBA | D52: =$D$4 -> Board RK3562 | E52: =$J$2 -> Gerber_CAMBOX_RK3562_lot500_2505 | F52: =$J$3 -> BOM_CameraBox_2026-04-14 2205 | G52: D3 | H52: Diode | I52: 275A 1 Independent 60V 620mV@7A 7A Power-DI-5 Single Diodes RoHS | K52: SMD | L52: Mounted | M52: pcs | N52: 1 | O52: =$J$4 -> 500 | P52: =IF($N52="","",$N52*$O52) -> 500 | Q52: DIODES | R52: PDS760-13 | U52: Approved | V52: Approval Required | W52: Normal / Low | X52: Released | Y52: XFEMS Buy | AA52: LCSC | AE52: =VLOOKUP(R52,'[1]VNSH03 gia thanh sx '!$F$6:$G$171,2,0) -> 500 | AF52: =P52-AE52 -> 0 | AG52: =IF(VLOOKUP(R52,'VNET-XF-2105'!$B$12:$D$145,3,0)>=P52,P52,VLOOKUP(R52,'VNET-XF-2105'!$B$12:$D$145,3,0)) -> 495 | AJ52: =P52-SUM(AG52:AI52) -> 5
A53: =ROW()-6 -> 47 | B53: =R53 -> SS34A | C53: L1-PCBA | D53: =$D$4 -> Board RK3562 | E53: =$J$2 -> Gerber_CAMBOX_RK3562_lot500_2505 | F53: =$J$3 -> BOM_CameraBox_2026-04-14 2205 | G53: D6 | H53: Diode | I53: 40V Independent 500mV@3A 3A SMA(DO-214AC) Schottky Diodes ROHS | K53: SMD | L53: Mounted | M53: pcs | N53: 1 | O53: =$J$4 -> 500 | P53: =IF($N53="","",$N53*$O53) -> 500 | Q53: Guangdong Hottech | R53: SS34A | U53: Approved | V53: Approval Required | W53: Normal / Low | X53: Released | Y53: XFEMS Buy | AA53: LCSC | AE53: =VLOOKUP(R53,'[1]VNSH03 gia thanh sx '!$F$6:$G$171,2,0) -> 500 | AF53: =P53-AE53 -> 0 | AG53: =IF(VLOOKUP(R53,'VNET-XF-2105'!$B$12:$D$145,3,0)>=P53,P53,VLOOKUP(R53,'VNET-XF-2105'!$B$12:$D$145,3,0)) -> 495 | AJ53: =P53-SUM(AG53:AI53) -> 5
A54: =ROW()-6 -> 48 | B54: =R54 -> WE05DGCF-B | C54: L1-PCBA | D54: =$D$4 -> Board RK3562 | E54: =$J$2 -> Gerber_CAMBOX_RK3562_lot500_2505 | F54: =$J$3 -> BOM_CameraBox_2026-04-14 2205 | G54: D7, D35 | H54: Diode | I54: 3A@8/20us 23V 70W@8/20us 6V 5V DFN1006-2L TVS Diodes RoHS | J54: DFN1006-2L | K54: SMD | L54: Mounted | M54: pcs | N54: 2 | O54: =$J$4 -> 500 | P54: =IF($N54="","",$N54*$O54) -> 1000 | Q54: Wayon | R54: WE05DGCF-B | U54: Approved | V54: Approval Required | W54: Normal / Low | X54: Released | Y54: XFEMS Buy | AA54: LCSC | AE54: =VLOOKUP(R54,'[1]VNSH03 gia thanh sx '!$F$6:$G$171,2,0) -> 500 | AF54: =P54-AE54 -> 500 | AG54: =IF(VLOOKUP(R54,'VNET-XF-2105'!$B$12:$D$145,3,0)>=P54,P54,VLOOKUP(R54,'VNET-XF-2105'!$B$12:$D$145,3,0)) -> 490 | AH54: =IF(VLOOKUP(R54,'VNET-XF_dự kiến lần 2'!$B$2:$D$42,3,0)>=(P54-AG54),(P54-AG54),VLOOKUP(R54,'VNET-XF_dự kiến lần 2'!$B$2:$D$42,3,0)) -> 500 | AJ54: =P54-SUM(AG54:AI54) -> 10
A55: =ROW()-6 -> 49 | B55: =R55 -> B72590D50H160 | C55: L1-PCBA | D55: =$D$4 -> Board RK3562 | E55: =$J$2 -> Gerber_CAMBOX_RK3562_lot500_2505 | F55: =$J$3 -> BOM_CameraBox_2026-04-14 2205 | G55: D12, D13, D18, D20, D23, D24, D25, D26, D27, D28, D29, D32, D37, D38, D49, D57, D58, D59 | H55: Diode | I55: 0402 Varistors ROHS | J55: 0402 | K55: SMD | L55: Mounted | M55: pcs | N55: 18 | O55: =$J$4 -> 500 | P55: =IF($N55="","",$N55*$O55) -> 9000 | Q55: TDK | R55: B72590D50H160 | U55: Approved | V55: Approval Required | W55: Normal / Low | X55: Released | Y55: XFEMS Buy | AA55: LCSC | AC55: SL tăng 17 lên 18: Thêm D59 | AE55: =VLOOKUP(R55,'[1]VNSH03 gia thanh sx '!$F$6:$G$171,2,0) -> 7000 | AF55: =P55-AE55 -> 2000 | AG55: =IF(VLOOKUP(R55,'VNET-XF-2105'!$B$12:$D$145,3,0)>=P55,P55,VLOOKUP(R55,'VNET-XF-2105'!$B$12:$D$145,3,0)) -> 6915 | AH55: =IF(VLOOKUP(R55,'VNET-XF_dự kiến lần 2'!$B$2:$D$42,3,0)>=(P55-AG55),(P55-AG55),VLOOKUP(R55,'VNET-XF_dự kiến lần 2'!$B$2:$D$42,3,0)) -> 1500 | AJ55: =P55-SUM(AG55:AI55) -> 585
A56: =ROW()-6 -> 50 | B56: =R56 -> LBAT54CLT1G | C56: L1-PCBA | D56: =$D$4 -> Board RK3562 | E56: =$J$2 -> Gerber_CAMBOX_RK3562_lot500_2505 | F56: =$J$3 -> BOM_CameraBox_2026-04-14 2205 | G56: D19 | H56: Diode | I56: 30V 400mV 200mA SOT-23 Schottky Diodes ROHS | K56: SMD | L56: Mounted | M56: pcs | N56: 1 | O56: =$J$4 -> 500 | P56: =IF($N56="","",$N56*$O56) -> 500 | Q56: LRC | R56: LBAT54CLT1G | U56: Approved | V56: Approval Required | W56: Normal / Low | X56: Released | Y56: XFEMS Buy | AA56: LCSC | AE56: =VLOOKUP(R56,'[1]VNSH03 gia thanh sx '!$F$6:$G$171,2,0) -> 500 | AF56: =P56-AE56 -> 0 | AG56: =IF(VLOOKUP(R56,'VNET-XF-2105'!$B$12:$D$145,3,0)>=P56,P56,VLOOKUP(R56,'VNET-XF-2105'!$B$12:$D$145,3,0)) -> 495 | AJ56: =P56-SUM(AG56:AI56) -> 5
A57: =ROW()-6 -> 51 | B57: =R57 -> PTVS5V0S1UR | C57: L1-PCBA | D57: =$D$4 -> Board RK3562 | E57: =$J$2 -> Gerber_CAMBOX_RK3562_lot500_2505 | F57: =$J$3 -> BOM_CameraBox_2026-04-14 2205 | G57: D39, D40, D41, D44, D45 | H57: Diode | I57: 43.6A 9.2V 400W 6.4V Unidirectional 5V SOD-123 TVS Diodes RoHS | K57: SMD | L57: Mounted | M57: pcs | N57: 5 | O57: =$J$4 -> 500 | P57: =IF($N57="","",$N57*$O57) -> 2500 | Q57: FUXINSEMI | R57: PTVS5V0S1UR | U57: Approved | V57: Approval Required | W57: Normal / Low | X57: Released | Y57: XFEMS Buy | AA57: LCSC | AE57: =VLOOKUP(R57,'[1]VNSH03 gia thanh sx '!$F$6:$G$171,2,0) -> 2500 | AF57: =P57-AE57 -> 0 | AG57: =IF(VLOOKUP(R57,'VNET-XF-2105'!$B$12:$D$145,3,0)>=P57,P57,VLOOKUP(R57,'VNET-XF-2105'!$B$12:$D$145,3,0)) -> 2475 | AJ57: =P57-SUM(AG57:AI57) -> 25
A58: =ROW()-6 -> 52 | B58: =R58 -> M7 | C58: L1-PCBA | D58: =$D$4 -> Board RK3562 | E58: =$J$2 -> Gerber_CAMBOX_RK3562_lot500_2505 | F58: =$J$3 -> BOM_CameraBox_2026-04-14 2205 | G58: D47, D48 | H58: Diode | I58: DIODE GEN PURP 1KV 1A SMA | K58: SMD | L58: Mounted | M58: pcs | N58: 2 | O58: =$J$4 -> 500 | P58: =IF($N58="","",$N58*$O58) -> 1000 | Q58: Hottech | R58: M7 | U58: Approved | V58: Approval Required | W58: Normal / Low | X58: Released | Y58: XFEMS Buy | AA58: LCSC | AE58: =VLOOKUP(R58,'[1]VNSH03 gia thanh sx '!$F$6:$G$171,2,0) -> 1000 | AF58: =P58-AE58 -> 0 | AG58: =IF(VLOOKUP(R58,'VNET-XF-2105'!$B$12:$D$145,3,0)>=P58,P58,VLOOKUP(R58,'VNET-XF-2105'!$B$12:$D$145,3,0)) -> 990 | AJ58: =P58-SUM(AG58:AI58) -> 10
A59: =ROW()-6 -> 53 | B59: =R59 -> S10M | C59: L1-PCBA | D59: =$D$4 -> Board RK3562 | E59: =$J$2 -> Gerber_CAMBOX_RK3562_lot500_2505 | F59: =$J$3 -> BOM_CameraBox_2026-04-14 2205 | G59: D52 | H59: Diode | I59: Independent Type 10A 1.1V@10A 1kV SMC(DO-214AB) Diodes - General Purpose ROHS | K59: SMD | L59: Mounted | M59: pcs | N59: 1 | O59: =$J$4 -> 500 | P59: =IF($N59="","",$N59*$O59) -> 500 | Q59: GOODWORK | R59: S10M | U59: Approved | V59: Approval Required | W59: Normal / Low | X59: Released | Y59: XFEMS Buy | AA59: LCSC | AE59: =VLOOKUP(R59,'[1]VNSH03 gia thanh sx '!$F$6:$G$171,2,0) -> 500 | AF59: =P59-AE59 -> 0 | AG59: =IF(VLOOKUP(R59,'VNET-XF-2105'!$B$12:$D$145,3,0)>=P59,P59,VLOOKUP(R59,'VNET-XF-2105'!$B$12:$D$145,3,0)) -> 495 | AJ59: =P59-SUM(AG59:AI59) -> 5
A60: =ROW()-6 -> 54 | B60: =R60 -> SMF36A | C60: L1-PCBA | D60: =$D$4 -> Board RK3562 | E60: =$J$2 -> Gerber_CAMBOX_RK3562_lot500_2505 | F60: =$J$3 -> BOM_CameraBox_2026-04-14 2205 | G60: D53 | H60: Diode | I60: Unidirectional 36V 40V 58.1V 3.4A SOD-123FL TVS RoHS | K60: SMD | L60: Mounted | M60: pcs | N60: 1 | O60: =$J$4 -> 500 | P60: =IF($N60="","",$N60*$O60) -> 500 | Q60: MDD(Microdiode Semiconductor) | R60: SMF36A | U60: Approved | V60: Approval Required | W60: Normal / Low | X60: Released | Y60: XFEMS Buy | AA60: LCSC | AE60: =VLOOKUP(R60,'[1]VNSH03 gia thanh sx '!$F$6:$G$171,2,0) -> 500 | AF60: =P60-AE60 -> 0 | AG60: =IF(VLOOKUP(R60,'VNET-XF-2105'!$B$12:$D$145,3,0)>=P60,P60,VLOOKUP(R60,'VNET-XF-2105'!$B$12:$D$145,3,0)) -> 495 | AJ60: =P60-SUM(AG60:AI60) -> 5
A61: =ROW()-6 -> 55 | B61: =R61 -> SS36F | C61: L1-PCBA | D61: =$D$4 -> Board RK3562 | E61: =$J$2 -> Gerber_CAMBOX_RK3562_lot500_2505 | F61: =$J$3 -> BOM_CameraBox_2026-04-14 2205 | G61: D54, D55 | H61: Diode | I61: DIODE SCHOTTKY 60V 3A SMAF | K61: SMD | L61: Mounted | M61: pcs | N61: 2 | O61: =$J$4 -> 500 | P61: =IF($N61="","",$N61*$O61) -> 1000 | Q61: HY | R61: SS36F | U61: Approved | V61: Approval Required | W61: Normal / Low | X61: Released | Y61: XFEMS Buy | AA61: LCSC | AE61: =VLOOKUP(R61,'[1]VNSH03 gia thanh sx '!$F$6:$G$171,2,0) -> 1000 | AF61: =P61-AE61 -> 0 | AG61: =IF(VLOOKUP(R61,'VNET-XF-2105'!$B$12:$D$145,3,0)>=P61,P61,VLOOKUP(R61,'VNET-XF-2105'!$B$12:$D$145,3,0)) -> 990 | AJ61: =P61-SUM(AG61:AI61) -> 10
A62: =ROW()-6 -> 56 | B62: =R62 -> YI160808U100-5R0T | C62: L1-PCBA | D62: =$D$4 -> Board RK3562 | E62: =$J$2 -> Gerber_CAMBOX_RK3562_lot500_2505 | F62: =$J$3 -> BOM_CameraBox_2026-04-14 2205 | G62: E1, E2, E3, E4, E16, E22, E30, E31, E32, E33 | H62: Ferrite Bead | I62: 10mΩ ±25% 10Ω@100MHz 0603 Ferrite Beads and Chips RoHS | J62: 0603 | K62: SMD | L62: Mounted | M62: pcs | N62: 10 | O62: =$J$4 -> 500 | P62: =IF($N62="","",$N62*$O62) -> 5000 | Q62: YJYCOIN | R62: YI160808U100-5R0T | U62: Approved | V62: Approval Required | W62: Normal / Low | X62: Released | Y62: XFEMS Buy | AA62: LCSC | AE62: =VLOOKUP(R62,'[1]VNSH03 gia thanh sx '!$F$6:$G$171,2,0) -> 6000 | AF62: =P62-AE62 -> -1000 | AG62: =IF(VLOOKUP(R62,'VNET-XF-2105'!$B$12:$D$145,3,0)>=P62,P62,VLOOKUP(R62,'VNET-XF-2105'!$B$12:$D$145,3,0)) -> 4950 | AJ62: =P62-SUM(AG62:AI62) -> 50
A63: =ROW()-6 -> 57 | B63: =R63 -> UPZ2012E102-1R5TF | C63: L1-PCBA | D63: =$D$4 -> Board RK3562 | E63: =$J$2 -> Gerber_CAMBOX_RK3562_lot500_2505 | F63: =$J$3 -> BOM_CameraBox_2026-04-14 2205 | G63: E6, E15, E25, E26, E27, E28 | H63: Ferrite Bead | I63: FERRITE BEAD 1 KOHM 0805 1.5A | J63: 0805 | K63: SMD | L63: Mounted | M63: pcs | N63: 6 | O63: =$J$4 -> 500 | P63: =IF($N63="","",$N63*$O63) -> 3000 | Q63: Sunlord | R63: UPZ2012E102-1R5TF | U63: Approved | V63: Approval Required | W63: Normal / Low | X63: Released | Y63: XFEMS Buy | AA63: LCSC | AE63: =VLOOKUP(R63,'[1]VNSH03 gia thanh sx '!$F$6:$G$171,2,0) -> 3000 | AF63: =P63-AE63 -> 0 | AG63: =IF(VLOOKUP(R63,'VNET-XF-2105'!$B$12:$D$145,3,0)>=P63,P63,VLOOKUP(R63,'VNET-XF-2105'!$B$12:$D$145,3,0)) -> 2970 | AJ63: =P63-SUM(AG63:AI63) -> 30
A64: =ROW()-6 -> 58 | B64: =R64 -> CBW100505U600T | C64: L1-PCBA | D64: =$D$4 -> Board RK3562 | E64: =$J$2 -> Gerber_CAMBOX_RK3562_lot500_2505 | F64: =$J$3 -> BOM_CameraBox_2026-04-14 2205 | G64: E7, E8, E9, E10, E11, E12, E13, E14, E17, E18, E19, E20, E21 | H64: Ferrite Bead | I64: 60Ω@100MHz 1 Line Ferrite Bead 0402 600mA 150mΩ | J64: 0402 | K64: SMD | L64: Mounted | M64: pcs | N64: 13 | O64: =$J$4 -> 500 | P64: =IF($N64="","",$N64*$O64) -> 6500 | Q64: FH | R64: CBW100505U600T | U64: Approved | V64: Approval Required | W64: Normal / Low | X64: Released | Y64: XFEMS Buy | AA64: LCSC | AE64: =VLOOKUP(R64,'[1]VNSH03 gia thanh sx '!$F$6:$G$171,2,0) -> 6500 | AF64: =P64-AE64 -> 0 | AG64: =IF(VLOOKUP(R64,'VNET-XF-2105'!$B$12:$D$145,3,0)>=P64,P64,VLOOKUP(R64,'VNET-XF-2105'!$B$12:$D$145,3,0)) -> 6435 | AJ64: =P64-SUM(AG64:AI64) -> 65
A65: =ROW()-6 -> 59 | B65: =R65 -> CBG160808U100T | C65: L1-PCBA | D65: =$D$4 -> Board RK3562 | E65: =$J$2 -> Gerber_CAMBOX_RK3562_lot500_2505 | F65: =$J$3 -> BOM_CameraBox_2026-04-14 2205 | G65: E23, E24 | H65: Ferrite Bead | I65: 50mΩ ±25% 10Ω@100MHz 0603 Ferrite Beads and Chips RoHS | J65: 0603 | K65: SMD | L65: Mounted | M65: pcs | N65: 2 | O65: =$J$4 -> 500 | P65: =IF($N65="","",$N65*$O65) -> 1000 | Q65: FH | R65: CBG160808U100T | U65: Approved | V65: Approval Required | W65: Normal / Low | X65: Released | Y65: XFEMS Buy | AA65: LCSC | AE65: =VLOOKUP(R65,'[1]VNSH03 gia thanh sx '!$F$6:$G$171,2,0) -> 1000 | AF65: =P65-AE65 -> 0 | AG65: =IF(VLOOKUP(R65,'VNET-XF-2105'!$B$12:$D$145,3,0)>=P65,P65,VLOOKUP(R65,'VNET-XF-2105'!$B$12:$D$145,3,0)) -> 990 | AJ65: =P65-SUM(AG65:AI65) -> 10
A66: =ROW()-6 -> 60 | B66: =R66 -> LMR14050SDDAR | C66: L1-PCBA | D66: =$D$4 -> Board RK3562 | E66: =$J$2 -> Gerber_CAMBOX_RK3562_lot500_2505 | F66: =$J$3 -> BOM_CameraBox_2026-04-14 2205 | G66: U1 | H66: IC | I66: 2.5MHz Buck Adjustable 800mV~28V 5A SOIC-8-EP Voltage Regulators - DC DC Switching Regulators RoHS | K66: SMD | L66: Mounted | M66: pcs | N66: 1 | O66: =$J$4 -> 500 | P66: =IF($N66="","",$N66*$O66) -> 500 | Q66: TI | R66: LMR14050SDDAR | U66: Approved | V66: Approval Required | W66: Important / High | X66: Released | Y66: XFEMS Buy | AA66: LCSC | AE66: =VLOOKUP(R66,'[1]VNSH03 gia thanh sx '!$F$6:$G$171,2,0) -> 500 | AF66: =P66-AE66 -> 0 | AG66: =IF(VLOOKUP(R66,'VNET-XF-2105'!$B$12:$D$145,3,0)>=P66,P66,VLOOKUP(R66,'VNET-XF-2105'!$B$12:$D$145,3,0)) -> 495 | AJ66: =P66-SUM(AG66:AI66) -> 5
A67: =ROW()-6 -> 61 | B67: =R67 -> ETA3409S2F | C67: L1-PCBA | D67: =$D$4 -> Board RK3562 | E67: =$J$2 -> Gerber_CAMBOX_RK3562_lot500_2505 | F67: =$J$3 -> BOM_CameraBox_2026-04-14 2205 | G67: U2, U7 | H67: IC | I67: Buck 1MHz Adjustable 600mV~7.3V 3A SOT23-5 Voltage Regulators - DC DC Switching Regulators RoHS | K67: SMD | L67: Mounted | M67: pcs | N67: 2 | O67: =$J$4 -> 500 | P67: =IF($N67="","",$N67*$O67) -> 1000 | Q67: etasolution | R67: ETA3409S2F | U67: Approved | V67: Approval Required | W67: Important / High | X67: Released | Y67: XFEMS Buy | AA67: LCSC | AE67: =VLOOKUP(R67,'[1]VNSH03 gia thanh sx '!$F$6:$G$171,2,0) -> 1500 | AF67: =P67-AE67 -> -500 | AG67: =IF(VLOOKUP(R67,'VNET-XF-2105'!$B$12:$D$145,3,0)>=P67,P67,VLOOKUP(R67,'VNET-XF-2105'!$B$12:$D$145,3,0)) -> 990 | AJ67: =P67-SUM(AG67:AI67) -> 10
A68: =ROW()-6 -> 62 | B68: =R68 -> LM3481MMX/NOPB | C68: L1-PCBA | D68: =$D$4 -> Board RK3562 | E68: =$J$2 -> Gerber_CAMBOX_RK3562_lot500_2505 | F68: =$J$3 -> BOM_CameraBox_2026-04-14 2205 | G68: U3 | H68: IC | I68: IC REG CTRLR MULT TOP 10MSOP | K68: SMD | L68: Mounted | M68: pcs | N68: 1 | O68: =$J$4 -> 500 | P68: =IF($N68="","",$N68*$O68) -> 500 | Q68: Texas Instruments | R68: LM3481MMX/NOPB | U68: Approved | V68: Approval Required | W68: Important / High | X68: Released | Y68: XFEMS Buy | AA68: LCSC | AE68: =VLOOKUP(R68,'[1]VNSH03 gia thanh sx '!$F$6:$G$171,2,0) -> 500 | AF68: =P68-AE68 -> 0 | AG68: =IF(VLOOKUP(R68,'VNET-XF-2105'!$B$12:$D$145,3,0)>=P68,P68,VLOOKUP(R68,'VNET-XF-2105'!$B$12:$D$145,3,0)) -> 495 | AJ68: =P68-SUM(AG68:AI68) -> 5
A69: =ROW()-6 -> 63 | B69: =R69 -> A7677S | C69: L1-PCBA | D69: =$D$4 -> Board RK3562 | E69: =$J$2 -> Gerber_CAMBOX_RK3562_lot500_2505 | F69: =$J$3 -> BOM_CameraBox_2026-04-14 2205 | G69: U4 | H69: IC | I69: LTE CAT 1 module, 4G + (GNSS) | K69: SMD | L69: Mounted | M69: pcs | N69: 1 | O69: =$J$4 -> 500 | P69: =IF($N69="","",$N69*$O69) -> 500 | Q69: SIMCOM | R69: A7677S | U69: Approved | V69: No Substitute | W69: Important / High | X69: Released | Y69: XFEMS Buy | AA69: SIMCOM | AE69: =VLOOKUP(R69,'[1]VNSH03 gia thanh sx '!$F$6:$G$171,2,0) -> 500 | AF69: =P69-AE69 -> 0 | AG69: =IF(VLOOKUP(R69,'VNET-XF-2105'!$B$12:$D$145,3,0)>=P69,P69,VLOOKUP(R69,'VNET-XF-2105'!$B$12:$D$145,3,0)) -> 495 | AJ69: =P69-SUM(AG69:AI69) -> 5
A70: =ROW()-6 -> 64 | B70: =R70 -> TLV75801PDBVR | C70: L1-PCBA | D70: =$D$4 -> Board RK3562 | E70: =$J$2 -> Gerber_CAMBOX_RK3562_lot500_2505 | F70: =$J$3 -> BOM_CameraBox_2026-04-14 2205 | G70: U5, U8, U9, U10 | H70: IC | I70: 500mA, low IQ, high precision, adjustable ultra-low dropout voltage regulator with enable function | K70: SMD | L70: Mounted | M70: pcs | N70: 4 | O70: =$J$4 -> 500 | P70: =IF($N70="","",$N70*$O70) -> 2000 | Q70: TI | R70: TLV75801PDBVR | U70: Approved | V70: Approval Required | W70: Important / High | X70: Released | Y70: XFEMS Buy | AA70: LCSC | AE70: =VLOOKUP(R70,'[1]VNSH03 gia thanh sx '!$F$6:$G$171,2,0) -> 2000 | AF70: =P70-AE70 -> 0 | AG70: =IF(VLOOKUP(R70,'VNET-XF-2105'!$B$12:$D$145,3,0)>=P70,P70,VLOOKUP(R70,'VNET-XF-2105'!$B$12:$D$145,3,0)) -> 1980 | AJ70: =P70-SUM(AG70:AI70) -> 20
A71: =ROW()-6 -> 65 | B71: =R71 -> MAX3232CDR | C71: L1-PCBA | D71: =$D$4 -> Board RK3562 | E71: =$J$2 -> Gerber_CAMBOX_RK3562_lot500_2505 | F71: =$J$3 -> BOM_CameraBox_2026-04-14 2205 | G71: U11, U14, U15 | H71: IC | I71: IC DRVR/RCVR MULTCH RS232 16SOIC | K71: SMD | L71: Mounted | M71: pcs | N71: 3 | O71: =$J$4 -> 500 | P71: =IF($N71="","",$N71*$O71) -> 1500 | Q71: Texas Instruments | R71: MAX3232CDR | U71: Approved | V71: Approval Required | W71: Important / High | X71: Released | Y71: XFEMS Buy | AA71: LCSC | AE71: =VLOOKUP(R71,'[1]VNSH03 gia thanh sx '!$F$6:$G$171,2,0) -> 1500 | AF71: =P71-AE71 -> 0 | AG71: =IF(VLOOKUP(R71,'VNET-XF-2105'!$B$12:$D$145,3,0)>=P71,P71,VLOOKUP(R71,'VNET-XF-2105'!$B$12:$D$145,3,0)) -> 1485 | AJ71: =P71-SUM(AG71:AI71) -> 15
A72: =ROW()-6 -> 66 | B72: =R72 -> NCA9555 | C72: L1-PCBA | D72: =$D$4 -> Board RK3562 | E72: =$J$2 -> Gerber_CAMBOX_RK3562_lot500_2505 | F72: =$J$3 -> BOM_CameraBox_2026-04-14 2205 | G72: U12, U13 | H72: IC | I72: 16-bit I2C-bus I/O port with interrupt | K72: SMD | L72: Mounted | M72: pcs | N72: 2 | O72: =$J$4 -> 500 | P72: =IF($N72="","",$N72*$O72) -> 1000 | Q72: NOVOSENSE | R72: NCA9555 | U72: Approved | V72: Approval Required | W72: Important / High | X72: Released | Y72: XFEMS Buy | AA72: LCSC | AE72: =VLOOKUP(R72,'[1]VNSH03 gia thanh sx '!$F$6:$G$171,2,0) -> 1000 | AF72: =P72-AE72 -> 0 | AG72: =IF(VLOOKUP(R72,'VNET-XF-2105'!$B$12:$D$145,3,0)>=P72,P72,VLOOKUP(R72,'VNET-XF-2105'!$B$12:$D$145,3,0)) -> 990 | AJ72: =P72-SUM(AG72:AI72) -> 10
A73: =ROW()-6 -> 67 | B73: =R73 -> LK8563T | C73: L1-PCBA | D73: =$D$4 -> Board RK3562 | E73: =$J$2 -> Gerber_CAMBOX_RK3562_lot500_2505 | F73: =$J$3 -> BOM_CameraBox_2026-04-14 2205 | G73: U16 | H73: IC | I73: SOP-8 Real Time Clocks ROHS | K73: SMD | L73: Mounted | M73: pcs | N73: 1 | O73: =$J$4 -> 500 | P73: =IF($N73="","",$N73*$O73) -> 500 | Q73: LANKE | R73: LK8563T | U73: Approved | V73: No Substitute | W73: Important / High | X73: Released | Y73: XFEMS Buy | AA73: LCSC | AE73: =VLOOKUP(R73,'[1]VNSH03 gia thanh sx '!$F$6:$G$171,2,0) -> 500 | AF73: =P73-AE73 -> 0 | AG73: =IF(VLOOKUP(R73,'VNET-XF-2105'!$B$12:$D$145,3,0)>=P73,P73,VLOOKUP(R73,'VNET-XF-2105'!$B$12:$D$145,3,0)) -> 495 | AJ73: =P73-SUM(AG73:AI73) -> 5
A74: =ROW()-6 -> 68 | B74: =R74 -> SMF05CT1G-P | C74: L1-PCBA | D74: =$D$4 -> Board RK3562 | E74: =$J$2 -> Gerber_CAMBOX_RK3562_lot500_2505 | F74: =$J$3 -> BOM_CameraBox_2026-04-14 2205 | G74: U18 | H74: IC | I74: SOT-363-6 ESD and Surge Protection (TVS/ESD) ROHS | K74: SMD | L74: Mounted | M74: pcs | N74: 1 | O74: =$J$4 -> 500 | P74: =IF($N74="","",$N74*$O74) -> 500 | Q74: TECH PUBLIC | R74: SMF05CT1G-P | U74: Approved | V74: Approval Required | W74: Important / High | X74: Released | Y74: XFEMS Buy | AA74: LCSC | AE74: =VLOOKUP(R74,'[1]VNSH03 gia thanh sx '!$F$6:$G$171,2,0) -> 500 | AF74: =P74-AE74 -> 0 | AG74: =IF(VLOOKUP(R74,'VNET-XF-2105'!$B$12:$D$145,3,0)>=P74,P74,VLOOKUP(R74,'VNET-XF-2105'!$B$12:$D$145,3,0)) -> 495 | AJ74: =P74-SUM(AG74:AI74) -> 5
A75: =ROW()-6 -> 69 | B75: =R75 -> SR05-04A | C75: L1-PCBA | D75: =$D$4 -> Board RK3562 | E75: =$J$2 -> Gerber_CAMBOX_RK3562_lot500_2505 | F75: =$J$3 -> BOM_CameraBox_2026-04-14 2205 | G75: U19 | H75: IC | I75: SOT-26 ESD and Surge Protection (TVS/ESD) ROHS | K75: SMD | L75: Mounted | M75: pcs | N75: 1 | O75: =$J$4 -> 500 | P75: =IF($N75="","",$N75*$O75) -> 500 | Q75: Leiditech | R75: SR05-04A | U75: Approved | V75: Approval Required | W75: Important / High | X75: Released | Y75: XFEMS Buy | AA75: LCSC | AE75: =VLOOKUP(R75,'[1]VNSH03 gia thanh sx '!$F$6:$G$171,2,0) -> 500 | AF75: =P75-AE75 -> 0 | AG75: =IF(VLOOKUP(R75,'VNET-XF-2105'!$B$12:$D$145,3,0)>=P75,P75,VLOOKUP(R75,'VNET-XF-2105'!$B$12:$D$145,3,0)) -> 495 | AJ75: =P75-SUM(AG75:AI75) -> 5
A76: =ROW()-6 -> 70 | B76: =R76 -> YT8512H | C76: L1-PCBA | D76: =$D$4 -> Board RK3562 | E76: =$J$2 -> Gerber_CAMBOX_RK3562_lot500_2505 | F76: =$J$3 -> BOM_CameraBox_2026-04-14 2205 | G76: U20 | H76: IC | I76: Ethernet Transceiver 3.3V QFN-32-EP(5x5) Drivers, Receivers, Transceivers RoHS | K76: SMD | L76: Mounted | M76: pcs | N76: 1 | O76: =$J$4 -> 500 | P76: =IF($N76="","",$N76*$O76) -> 500 | Q76: Motorcomm | R76: YT8512H | U76: Approved | V76: No Substitute | W76: Important / High | X76: Released | Y76: XFEMS Buy | AA76: LCSC | AE76: =VLOOKUP(R76,'[1]VNSH03 gia thanh sx '!$F$6:$G$171,2,0) -> 500 | AF76: =P76-AE76 -> 0 | AG76: =IF(VLOOKUP(R76,'VNET-XF-2105'!$B$12:$D$145,3,0)>=P76,P76,VLOOKUP(R76,'VNET-XF-2105'!$B$12:$D$145,3,0)) -> 495 | AJ76: =P76-SUM(AG76:AI76) -> 5
A77: =ROW()-6 -> 71 | B77: =R77 -> LM393DR | C77: L1-PCBA | D77: =$D$4 -> Board RK3562 | E77: =$J$2 -> Gerber_CAMBOX_RK3562_lot500_2505 | F77: =$J$3 -> BOM_CameraBox_2026-04-14 2205 | G77: U21 | H77: IC | I77: 2mV 25nA Dual channel SOIC-8 Comparators ROHS | K77: SMD | L77: Mounted | M77: pcs | N77: 1 | O77: =$J$4 -> 500 | P77: =IF($N77="","",$N77*$O77) -> 500 | Q77: Texas Instruments | R77: LM393DR | U77: Approved | V77: Approval Required | W77: Important / High | X77: Released | Y77: XFEMS Buy | AA77: LCSC | AE77: =VLOOKUP(R77,'[1]VNSH03 gia thanh sx '!$F$6:$G$171,2,0) -> 500 | AF77: =P77-AE77 -> 0 | AG77: =IF(VLOOKUP(R77,'VNET-XF-2105'!$B$12:$D$145,3,0)>=P77,P77,VLOOKUP(R77,'VNET-XF-2105'!$B$12:$D$145,3,0)) -> 495 | AJ77: =P77-SUM(AG77:AI77) -> 5
... A81: =ROW()-6 -> 75 | B81: =R81 -> ZNR3015ST2R2M | C81: L1-PCBA | D81: =$D$4 -> Board RK3562 | E81: =$J$2 -> Gerber_CAMBOX_RK3562_lot500_2505 | F81: =$J$3 -> BOM_CameraBox_2026-04-14 2205 | G81: L4, L6 | H81: Inductor | I81: 2A 2.2uH Magnetic Shielded Inductor ±20% 2A 60mΩ SMD,3x3mm Fixed Inductors RoHS | K81: SMD | L81: Mounted | M81: pcs | N81: 2 | O81: =$J$4 -> 500 | P81: =IF($N81="","",$N81*$O81) -> 1000 | Q81: ZE | R81: ZNR3015ST2R2M | U81: Approved | V81: Approval Required | W81: Normal / Low | X81: Released | Y81: XFEMS Buy | AA81: LCSC | AE81: =VLOOKUP(R81,'[1]VNSH03 gia thanh sx '!$F$6:$G$171,2,0) -> 1500 | AF81: =P81-AE81 -> -500 | AG81: =IF(VLOOKUP(R81,'VNET-XF-2105'!$B$12:$D$145,3,0)>=P81,P81,VLOOKUP(R81,'VNET-XF-2105'!$B$12:$D$145,3,0)) -> 990 | AJ81: =P81-SUM(AG81:AI81) -> 10
A82: =ROW()-6 -> 76 | B82: =R82 -> DLW21SN670SQ2L | C82: L1-PCBA | D82: =$D$4 -> Board RK3562 | E82: =$J$2 -> Gerber_CAMBOX_RK3562_lot500_2505 | F82: =$J$3 -> BOM_CameraBox_2026-04-14 2205 | G82: L5 | H82: Inductor | I82: CMC 400mA 2LN 67Ω SMD | K82: SMD | L82: Mounted | M82: pcs | N82: 1 | O82: =$J$4 -> 500 | P82: =IF($N82="","",$N82*$O82) -> 500 | Q82: Murata Electronics | R82: DLW21SN670SQ2L | U82: Approved | V82: Approval Required | W82: Normal / Low | X82: Released | Y82: XFEMS Buy | AA82: LCSC | AC82: Tăng 1 do L5 đổi mã | AE82: =VLOOKUP(R82,'[1]VNSH03 gia thanh sx '!$F$6:$G$171,2,0) -> #REF! | AF82: =P82-AE82 -> #REF! | AJ82: =P82-SUM(AG82:AI82) -> 500
A83: =ROW()-6 -> 77 | B83: =R83 -> DLM0NSN900HY2D | C83: L1-PCBA | D83: =$D$4 -> Board RK3562 | E83: =$J$2 -> Gerber_CAMBOX_RK3562_lot500_2505 | F83: =$J$3 -> BOM_CameraBox_2026-04-14 2205 | G83: L5 | H83: Inductor | I83: 90Ω@100MHz 5Ω 2 SMD-4P,0.8x0.6mm Common Mode Filters ROHS | K83: SMD | L83: Mounted | M83: pcs | N83: 0 | O83: =$J$4 -> 500 | P83: =IF($N83="","",$N83*$O83) -> 0 | Q83: Murata Electronics | R83: DLM0NSN900HY2D | U83: Approved | V83: Approval Required | W83: Normal / Low | X83: Released | Y83: XFEMS Buy | AA83: LCSC | AC83: SL giảm từ 1 xuống 0 do đổi mã khác | AE83: =VLOOKUP(R83,'[1]VNSH03 gia thanh sx '!$F$6:$G$171,2,0) -> 500 | AF83: =P83-AE83 -> -500 | AG83: =IF(VLOOKUP(R83,'VNET-XF-2105'!$B$12:$D$145,3,0)>=P83,P83,VLOOKUP(R83,'VNET-XF-2105'!$B$12:$D$145,3,0)) -> 0 | AJ83: =P83-SUM(AG83:AI83) -> 0
A84: =ROW()-6 -> 78 | B84: =R84 -> VHF100505HQ47NJT | C84: L1-PCBA | D84: =$D$4 -> Board RK3562 | E84: =$J$2 -> Gerber_CAMBOX_RK3562_lot500_2505 | F84: =$J$3 -> BOM_CameraBox_2026-04-14 2205 | G84: L7 | H84: Inductor | I84: 700mA 47nH 160mΩ ±5% 0402 Fixed Inductors RoHS | J84: 0402 | K84: SMD | L84: Mounted | M84: pcs | N84: 1 | O84: =$J$4 -> 500 | P84: =IF($N84="","",$N84*$O84) -> 500 | Q84: FH(Guangdong Fenghua Advanced Tech) | R84: VHF100505HQ47NJT | U84: Approved | V84: Approval Required | W84: Normal / Low | X84: Released | Y84: XFEMS Buy | AA84: LCSC | AE84: =VLOOKUP(R84,'[1]VNSH03 gia thanh sx '!$F$6:$G$171,2,0) -> 500 | AF84: =P84-AE84 -> 0 | AG84: =IF(VLOOKUP(R84,'VNET-XF-2105'!$B$12:$D$145,3,0)>=P84,P84,VLOOKUP(R84,'VNET-XF-2105'!$B$12:$D$145,3,0)) -> 500 | AJ84: =P84-SUM(AG84:AI84) -> 0
A85: =ROW()-6 -> 79 | B85: =R85 -> VHF100505HQ68NJT | C85: L1-PCBA | D85: =$D$4 -> Board RK3562 | E85: =$J$2 -> Gerber_CAMBOX_RK3562_lot500_2505 | F85: =$J$3 -> BOM_CameraBox_2026-04-14 2205 | G85: L9 | H85: Inductor | I85: 180mA 68nH ±5% 1.4Ω 0402 Fixed Inductors RoHS | J85: 0402 | K85: SMD | L85: Mounted | M85: pcs | N85: 1 | O85: =$J$4 -> 500 | P85: =IF($N85="","",$N85*$O85) -> 500 | Q85: FH | R85: VHF100505HQ68NJT | U85: Approved | V85: Approval Required | W85: Normal / Low | X85: Released | Y85: XFEMS Buy | AA85: LCSC | AE85: =VLOOKUP(R85,'[1]VNSH03 gia thanh sx '!$F$6:$G$171,2,0) -> 500 | AF85: =P85-AE85 -> 0 | AG85: =IF(VLOOKUP(R85,'VNET-XF-2105'!$B$12:$D$145,3,0)>=P85,P85,VLOOKUP(R85,'VNET-XF-2105'!$B$12:$D$145,3,0)) -> 495 | AJ85: =P85-SUM(AG85:AI85) -> 5
A86: =ROW()-6 -> 80 | B86: =R86 -> XL-1608SYGC-04 | C86: L1-PCBA | D86: =$D$4 -> Board RK3562 | E86: =$J$2 -> Gerber_CAMBOX_RK3562_lot500_2505 | F86: =$J$3 -> BOM_CameraBox_2026-04-14 2205 | G86: [NoValue], D21, D36, D56 | H86: LED | I86: 20mA 180mcd Colorless Transparent Lens 565nm~575nm -20℃~+85℃ Positive Stick Yellow-green 120° 50mW 2.4V 0603 LED Indication - Discrete ROH | J86: 0603 | K86: SMD | L86: Mounted | M86: pcs | N86: 4 | O86: =$J$4 -> 500 | P86: =IF($N86="","",$N86*$O86) -> 2000 | Q86: XINGLIGHT | R86: XL-1608SYGC-04 | U86: Approved | V86: Approval Required | W86: Normal / Low | X86: Released | Y86: XFEMS Buy | AA86: LCSC | AC86: Led NoValue chỗ NETSTATUS - sheet 4G không có tên- Bản prototype không hàn, Note lưu ý sửa file pick and place khi SMT | AE86: =VLOOKUP(R86,'[1]VNSH03 gia thanh sx '!$F$6:$G$171,2,0) -> 1500 | AF86: =P86-AE86 -> 500 | AG86: =IF(VLOOKUP(R86,'VNET-XF-2105'!$B$12:$D$145,3,0)>=P86,P86,VLOOKUP(R86,'VNET-XF-2105'!$B$12:$D$145,3,0)) -> 1480 | AH86: =IF(VLOOKUP(R86,'VNET-XF_dự kiến lần 2'!$B$2:$D$42,3,0)>=(P86-AG86),(P86-AG86),VLOOKUP(R86,'VNET-XF_dự kiến lần 2'!$B$2:$D$42,3,0)) -> 500 | AJ86: =P86-SUM(AG86:AI86) -> 20
A87: =ROW()-6 -> 81 | B87: =R87 -> XL-1608SURC-06 | C87: L1-PCBA | D87: =$D$4 -> Board RK3562 | E87: =$J$2 -> Gerber_CAMBOX_RK3562_lot500_2505 | F87: =$J$3 -> BOM_CameraBox_2026-04-14 2205 | G87: D22, D33, D46 | H87: LED | I87: 20mA 225mcd Colorless Transparent Lens -20℃~+85℃ Positive Stick 620nm~630nm Red 120° 50mW 2.3V 0603 LED Indication - Discrete ROH | J87: 0603 | K87: SMD | L87: Mounted | M87: pcs | N87: 3 | O87: =$J$4 -> 500 | P87: =IF($N87="","",$N87*$O87) -> 1500 | Q87: XINGLIGHT | R87: XL-1608SURC-06 | U87: Approved | V87: Approval Required | W87: Normal / Low | X87: Released | Y87: XFEMS Buy | AA87: LCSC | AE87: =VLOOKUP(R87,'[1]VNSH03 gia thanh sx '!$F$6:$G$171,2,0) -> 1500 | AF87: =P87-AE87 -> 0 | AG87: =IF(VLOOKUP(R87,'VNET-XF-2105'!$B$12:$D$145,3,0)>=P87,P87,VLOOKUP(R87,'VNET-XF-2105'!$B$12:$D$145,3,0)) -> 1485 | AJ87: =P87-SUM(AG87:AI87) -> 15
A88: =ROW()-6 -> 82 | B88: =R88 -> 150060YS75000 | C88: L1-PCBA | D88: =$D$4 -> Board RK3562 | E88: =$J$2 -> Gerber_CAMBOX_RK3562_lot500_2505 | F88: =$J$3 -> BOM_CameraBox_2026-04-14 2205 | G88: D31 | H88: LED | I88: LED YELLOW CLEAR 0603 SMD | J88: 0603 | K88: SMD | L88: Mounted | M88: pcs | N88: 1 | O88: =$J$4 -> 500 | P88: =IF($N88="","",$N88*$O88) -> 500 | Q88: Wurth Electronics Inc. | R88: 150060YS75000 | U88: Approved | V88: Approval Required | W88: Normal / Low | X88: Released | Y88: XFEMS Buy | AA88: LCSC | AE88: =VLOOKUP(R88,'[1]VNSH03 gia thanh sx '!$F$6:$G$171,2,0) -> 500 | AF88: =P88-AE88 -> 0 | AG88: =IF(VLOOKUP(R88,'VNET-XF-2105'!$B$12:$D$145,3,0)>=P88,P88,VLOOKUP(R88,'VNET-XF-2105'!$B$12:$D$145,3,0)) -> 495 | AJ88: =P88-SUM(AG88:AI88) -> 5
A89: =ROW()-6 -> 83 | B89: =R89 -> SIM65M-C | C89: L1-PCBA | D89: =$D$4 -> Board RK3562 | E89: =$J$2 -> Gerber_CAMBOX_RK3562_lot500_2505 | F89: =$J$3 -> BOM_CameraBox_2026-04-14 2205 | G89: M2 | H89: IC | I89: GNSS Module with GPS, GLONASS, BDS, Galileo, QZSS, High Sensitivity, Low Power Consumption | K89: SMD | L89: Mounted | M89: pcs | N89: 1 | O89: =$J$4 -> 500 | P89: =IF($N89="","",$N89*$O89) -> 500 | Q89: SIMCom Wireless Solutions | R89: SIM65M-C | U89: Approved | V89: Approval Required | W89: Important / High | X89: Released | Y89: XFEMS Buy | AA89: LCSC | AE89: =VLOOKUP(R89,'[1]VNSH03 gia thanh sx '!$F$6:$G$171,2,0) -> 500 | AF89: =P89-AE89 -> 0 | AG89: =IF(VLOOKUP(R89,'VNET-XF-2105'!$B$12:$D$145,3,0)>=P89,P89,VLOOKUP(R89,'VNET-XF-2105'!$B$12:$D$145,3,0)) -> 500 | AJ89: =P89-SUM(AG89:AI89) -> 0
A90: =ROW()-6 -> 84 | B90: =R90 -> 2SK3018 | C90: L1-PCBA | D90: =$D$4 -> Board RK3562 | E90: =$J$2 -> Gerber_CAMBOX_RK3562_lot500_2505 | F90: =$J$3 -> BOM_CameraBox_2026-04-14 2205 | G90: Q1, Q2, Q5, Q6, Q7, Q8, Q9, Q10, Q11, Q42, Q43 | H90: MOSFET | I90: N-Channel 30V 0.1A 0.35W Surface Mount SOT-23 | K90: SMD | L90: Mounted | M90: pcs | N90: 11 | O90: =$J$4 -> 500 | P90: =IF($N90="","",$N90*$O90) -> 5500 | Q90: JSCJ | R90: 2SK3018 | U90: Approved | V90: Approval Required | W90: Normal / Low | X90: Released | Y90: XFEMS Buy | AA90: LCSC | AE90: =VLOOKUP(R90,'[1]VNSH03 gia thanh sx '!$F$6:$G$171,2,0) -> 3500 | AF90: =P90-AE90 -> 2000 | AG90: =IF(VLOOKUP(R90,'VNET-XF-2105'!$B$12:$D$145,3,0)>=P90,P90,VLOOKUP(R90,'VNET-XF-2105'!$B$12:$D$145,3,0)) -> 3455 | AH90: =IF(VLOOKUP(R90,'VNET-XF_dự kiến lần 2'!$B$2:$D$42,3,0)>=(P90-AG90),(P90-AG90),VLOOKUP(R90,'VNET-XF_dự kiến lần 2'!$B$2:$D$42,3,0)) -> 2000 | AJ90: =P90-SUM(AG90:AI90) -> 45
A91: =ROW()-6 -> 85 | B91: =R91 -> CSD19538Q3A | C91: L1-PCBA | D91: =$D$4 -> Board RK3562 | E91: =$J$2 -> Gerber_CAMBOX_RK3562_lot500_2505 | F91: =$J$3 -> BOM_CameraBox_2026-04-14 2205 | G91: Q3 | H91: MOSFET | I91: 100V 15A 49mΩ@10V,5A 2.8W 3.2V 1 N-Channel VSONP-8(3.1x3.1) MOSFETs ROHS | K91: SMD | L91: Mounted | M91: pcs | N91: 1 | O91: =$J$4 -> 500 | P91: =IF($N91="","",$N91*$O91) -> 500 | Q91: Texas Instruments | R91: CSD19538Q3A | U91: Approved | V91: Approval Required | W91: Normal / Low | X91: Released | Y91: XFEMS Buy | AA91: LCSC | AE91: =VLOOKUP(R91,'[1]VNSH03 gia thanh sx '!$F$6:$G$171,2,0) -> 500 | AF91: =P91-AE91 -> 0 | AG91: =IF(VLOOKUP(R91,'VNET-XF-2105'!$B$12:$D$145,3,0)>=P91,P91,VLOOKUP(R91,'VNET-XF-2105'!$B$12:$D$145,3,0)) -> 495 | AJ91: =P91-SUM(AG91:AI91) -> 5
A92: =ROW()-6 -> 86 | B92: =R92 -> SI2333CDS | C92: L1-PCBA | D92: =$D$4 -> Board RK3562 | E92: =$J$2 -> Gerber_CAMBOX_RK3562_lot500_2505 | F92: =$J$3 -> BOM_CameraBox_2026-04-14 2205 | G92: Q13, Q14, Q20, Q35, Q36, Q39 | H92: MOSFET | I92: SOT-23-3 MOSFETs P-Chanel ROHS | K92: SMD | L92: Mounted | M92: pcs | N92: 6 | O92: =$J$4 -> 500 | P92: =IF($N92="","",$N92*$O92) -> 3000 | Q92: TECH PUBLIC | R92: SI2333CDS | U92: Approved | V92: Approval Required | W92: Normal / Low | X92: Released | Y92: XFEMS Buy | AA92: LCSC | AE92: =VLOOKUP(R92,'[1]VNSH03 gia thanh sx '!$F$6:$G$171,2,0) -> 4500 | AF92: =P92-AE92 -> -1500 | AG92: =IF(VLOOKUP(R92,'VNET-XF-2105'!$B$12:$D$145,3,0)>=P92,P92,VLOOKUP(R92,'VNET-XF-2105'!$B$12:$D$145,3,0)) -> 2970 | AH92: =IF(VLOOKUP(R92,'VNET-XF_dự kiến lần 2'!$B$2:$D$42,3,0)>=(P92-AG92),(P92-AG92),VLOOKUP(R92,'VNET-XF_dự kiến lần 2'!$B$2:$D$42,3,0)) -> 30 | AJ92: =P92-SUM(AG92:AI92) -> 0
A93: =ROW()-6 -> 87 | B93: =R93 -> LBSS139LT1G | C93: L1-PCBA | D93: =$D$4 -> Board RK3562 | E93: =$J$2 -> Gerber_CAMBOX_RK3562_lot500_2505 | F93: =$J$3 -> BOM_CameraBox_2026-04-14 2205 | G93: Q22 | H93: MOSFET | I93: 50V 200mA 225mW 5.6Ω@2.75V,200mA 500mV 1 N-channel SOT-23 MOSFETs ROHS | K93: SMD | L93: Mounted | M93: pcs | N93: 1 | O93: =$J$4 -> 500 | P93: =IF($N93="","",$N93*$O93) -> 500 | Q93: LRC | R93: LBSS139LT1G | U93: Approved | V93: Approval Required | W93: Normal / Low | X93: Released | Y93: XFEMS Buy | AA93: LCSC | AE93: =VLOOKUP(R93,'[1]VNSH03 gia thanh sx '!$F$6:$G$171,2,0) -> 500 | AF93: =P93-AE93 -> 0 | AG93: =IF(VLOOKUP(R93,'VNET-XF-2105'!$B$12:$D$145,3,0)>=P93,P93,VLOOKUP(R93,'VNET-XF-2105'!$B$12:$D$145,3,0)) -> 495 | AJ93: =P93-SUM(AG93:AI93) -> 5
A94: =ROW()-6 -> 88 | B94: =R94 -> RI0603L1R00FT | C94: L1-PCBA | D94: =$D$4 -> Board RK3562 | E94: =$J$2 -> Gerber_CAMBOX_RK3562_lot500_2505 | F94: =$J$3 -> BOM_CameraBox_2026-04-14 2205 | G94: R1 | H94: Resistor | I94: RES SMD 1 OHM 1% 1/10W 0603 | J94: 0603 | K94: SMD | L94: Mounted | M94: pcs | N94: 1 | O94: =$J$4 -> 500 | P94: =IF($N94="","",$N94*$O94) -> 500 | Q94: Hottech | R94: RI0603L1R00FT | U94: Approved | V94: Approval Required | W94: Normal / Low | X94: Released | Y94: XFEMS Buy | AA94: LCSC | AE94: =VLOOKUP(R94,'[1]VNSH03 gia thanh sx '!$F$6:$G$171,2,0) -> 500 | AF94: =P94-AE94 -> 0 | AG94: =IF(VLOOKUP(R94,'VNET-XF-2105'!$B$12:$D$145,3,0)>=P94,P94,VLOOKUP(R94,'VNET-XF-2105'!$B$12:$D$145,3,0)) -> 495 | AJ94: =P94-SUM(AG94:AI94) -> 5
A95: =ROW()-6 -> 89 | B95: =R95 -> RC0402FR-07100KL | C95: L1-PCBA | D95: =$D$4 -> Board RK3562 | E95: =$J$2 -> Gerber_CAMBOX_RK3562_lot500_2505 | F95: =$J$3 -> BOM_CameraBox_2026-04-14 2205 | G95: R2, R27, R40, R44, R46, R71, R114, R238, R240, R242, R269 | H95: Resistor | I95: 62.5mW Thick Film Resistor 50V ±100ppm/℃ ±1% 100kΩ 0402 Chip Resistor - Surface Mount ROHS | J95: 0402 | K95: SMD | L95: Mounted | M95: pcs | N95: 11 | O95: =$J$4 -> 500 | P95: =IF($N95="","",$N95*$O95) -> 5500 | Q95: Yageo | R95: RC0402FR-07100KL | U95: Approved | V95: Approval Required | W95: Normal / Low | X95: Released | Y95: XFEMS Buy | AA95: LCSC | AC95: SL tăng từ 10 lên 11: thêm R269 | AE95: =VLOOKUP(R95,'[1]VNSH03 gia thanh sx '!$F$6:$G$171,2,0) -> 5000 | AF95: =P95-AE95 -> 500 | AG95: =IF(VLOOKUP(R95,'VNET-XF-2105'!$B$12:$D$145,3,0)>=P95,P95,VLOOKUP(R95,'VNET-XF-2105'!$B$12:$D$145,3,0)) -> 4950 | AJ95: =P95-SUM(AG95:AI95) -> 550
A96: =ROW()-6 -> 90 | B96: =R96 -> RC0402FR-078K45L | C96: L1-PCBA | D96: =$D$4 -> Board RK3562 | E96: =$J$2 -> Gerber_CAMBOX_RK3562_lot500_2505 | F96: =$J$3 -> BOM_CameraBox_2026-04-14 2205 | G96: R3 | H96: Resistor | I96: 62.5mW 8.45kΩ 50V Thick Film Resistor ±100ppm/℃ ±1% 0402 Chip Resistor - Surface Mount RoHS | J96: 0402 | K96: SMD | L96: Mounted | M96: pcs | N96: 1 | O96: =$J$4 -> 500 | P96: =IF($N96="","",$N96*$O96) -> 500 | Q96: Yageo | R96: RC0402FR-078K45L | U96: Approved | V96: Approval Required | W96: Normal / Low | X96: Released | Y96: XFEMS Buy | AA96: LCSC | AE96: =VLOOKUP(R96,'[1]VNSH03 gia thanh sx '!$F$6:$G$171,2,0) -> 500 | AF96: =P96-AE96 -> 0 | AG96: =IF(VLOOKUP(R96,'VNET-XF-2105'!$B$12:$D$145,3,0)>=P96,P96,VLOOKUP(R96,'VNET-XF-2105'!$B$12:$D$145,3,0)) -> 495 | AJ96: =P96-SUM(AG96:AI96) -> 5
A97: =ROW()-6 -> 91 | B97: =R97 -> RC0402FR-0768KL | C97: L1-PCBA | D97: =$D$4 -> Board RK3562 | E97: =$J$2 -> Gerber_CAMBOX_RK3562_lot500_2505 | F97: =$J$3 -> BOM_CameraBox_2026-04-14 2205 | G97: R4 | H97: Resistor | I97: 62.5mW Thick Film Resistor 50V ±100ppm/℃ ±1% 68kΩ 0402 Chip Resistor - Surface Mount ROHS | J97: 0402 | K97: SMD | L97: Mounted | M97: pcs | N97: 1 | O97: =$J$4 -> 500 | P97: =IF($N97="","",$N97*$O97) -> 500 | Q97: Yageo | R97: RC0402FR-0768KL | U97: Approved | V97: Approval Required | W97: Normal / Low | X97: Released | Y97: XFEMS Buy | AA97: LCSC | AE97: =VLOOKUP(R97,'[1]VNSH03 gia thanh sx '!$F$6:$G$171,2,0) -> 500 | AF97: =P97-AE97 -> 0 | AJ97: =P97-SUM(AG97:AI97) -> 500
A98: =ROW()-6 -> 92 | B98: =R98 -> RC0402FR-0710KL | C98: L1-PCBA | D98: =$D$4 -> Board RK3562 | E98: =$J$2 -> Gerber_CAMBOX_RK3562_lot500_2505 | F98: =$J$3 -> BOM_CameraBox_2026-04-14 2205 | G98: R5, R16, R18, R29, R39, R49, R100, R104, R105, R106, R113, R115, R116, R120, R121, R128, R140, R142, R147, R155, R158, R185, R186, R187, R191, R192, R193, R194, R195, R198, R199, R201, R202, R205, R228, R229, R230, R234, R246, R271 | H98: Resistor | I98: 62.5mW Thick Film Resistor 50V ±100ppm/℃ ±1% 10kΩ 0402 Chip Resistor - Surface Mount ROHS | J98: 0402 | K98: SMD | L98: Mounted | M98: pcs | N98: 40 | O98: =$J$4 -> 500 | P98: =IF($N98="","",$N98*$O98) -> 20000 | Q98: Yageo | R98: RC0402FR-0710KL | U98: Approved | V98: Approval Required | W98: Normal / Low | X98: Released | Y98: XFEMS Buy | AA98: LCSC | AC98: SL tăng từ 39 lên 40 do thêm R271 | AE98: =VLOOKUP(R98,'[1]VNSH03 gia thanh sx '!$F$6:$G$171,2,0) -> 22000 | AF98: =P98-AE98 -> -2000 | AG98: =IF(VLOOKUP(R98,'VNET-XF-2105'!$B$12:$D$145,3,0)>=P98,P98,VLOOKUP(R98,'VNET-XF-2105'!$B$12:$D$145,3,0)) -> 20000 | AJ98: =P98-SUM(AG98:AI98) -> 0
A99: =ROW()-6 -> 93 | B99: =R99 -> RC0402FR-074K7L | C99: L1-PCBA | D99: =$D$4 -> Board RK3562 | E99: =$J$2 -> Gerber_CAMBOX_RK3562_lot500_2505 | F99: =$J$3 -> BOM_CameraBox_2026-04-14 2205 | G99: R6, R25, R37, R38, R45, R64, R73, R74, R80, R103, R107, R108, R132, R134, R135, R141, R143, R144, R148, R175, R178, R179, R181, R182, R206, R211, R213, R218, R220, R221, R244, R247, R257, R260, R262 | H99: Resistor | I99: 62.5mW Thick Film Resistors 50V ±100ppm/℃ ±1% 4.7kΩ 0402 Chip Resistor - Surface Mount ROHS | J99: 0402 | K99: SMD | L99: Mounted | M99: pcs | N99: 35 | O99: =$J$4 -> 500 | P99: =IF($N99="","",$N99*$O99) -> 17500 | Q99: Yageo | R99: RC0402FR-074K7L | U99: Approved | V99: Approval Required | W99: Normal / Low | X99: Released | Y99: XFEMS Buy | AA99: LCSC | AE99: =VLOOKUP(R99,'[1]VNSH03 gia thanh sx '!$F$6:$G$171,2,0) -> 17000 | AF99: =P99-AE99 -> 500 | AG99: =IF(VLOOKUP(R99,'VNET-XF-2105'!$B$12:$D$145,3,0)>=P99,P99,VLOOKUP(R99,'VNET-XF-2105'!$B$12:$D$145,3,0)) -> 16805 | AH99: =IF(VLOOKUP(R99,'VNET-XF_dự kiến lần 2'!$B$2:$D$42,3,0)>=(P99-AG99),(P99-AG99),VLOOKUP(R99,'VNET-XF_dự kiến lần 2'!$B$2:$D$42,3,0)) -> 695 | AJ99: =P99-SUM(AG99:AI99) -> 0
A100: =ROW()-6 -> 94 | B100: =R100 -> RC0402FR-0751K1L | C100: L1-PCBA | D100: =$D$4 -> Board RK3562 | E100: =$J$2 -> Gerber_CAMBOX_RK3562_lot500_2505 | F100: =$J$3 -> BOM_CameraBox_2026-04-14 2205 | G100: R7 | H100: Resistor | I100: 51.1kΩ 62.5mW 50V Thick Film Resistor ±100ppm/℃ ±1% 0402 Chip Resistor - Surface Mount RoHS | J100: 0402 | K100: SMD | L100: Mounted | M100: pcs | N100: 1 | O100: =$J$4 -> 500 | P100: =IF($N100="","",$N100*$O100) -> 500 | Q100: Yageo | R100: RC0402FR-0751K1L | U100: Approved | V100: Approval Required | W100: Normal / Low | X100: Released | Y100: XFEMS Buy | AA100: LCSC | AE100: =VLOOKUP(R100,'[1]VNSH03 gia thanh sx '!$F$6:$G$171,2,0) -> 500 | AF100: =P100-AE100 -> 0 | AG100: =IF(VLOOKUP(R100,'VNET-XF-2105'!$B$12:$D$145,3,0)>=P100,P100,VLOOKUP(R100,'VNET-XF-2105'!$B$12:$D$145,3,0)) -> 495 | AJ100: =P100-SUM(AG100:AI100) -> 5
A101: =ROW()-6 -> 95 | B101: =R101 -> RC0402FR-0712KL | C101: L1-PCBA | D101: =$D$4 -> Board RK3562 | E101: =$J$2 -> Gerber_CAMBOX_RK3562_lot500_2505 | F101: =$J$3 -> BOM_CameraBox_2026-04-14 2205 | G101: R8 | H101: Resistor | I101: 12kΩ 62.5mW 50V Thick Film Resistor ±100ppm/℃ ±1% 0402 Chip Resistor - Surface Mount RoHS | J101: 0402 | K101: SMD | L101: Mounted | M101: pcs | N101: 1 | O101: =$J$4 -> 500 | P101: =IF($N101="","",$N101*$O101) -> 500 | Q101: Yageo | R101: RC0402FR-0712KL | U101: Approved | V101: Approval Required | W101: Normal / Low | X101: Released | Y101: XFEMS Buy | AA101: LCSC | AE101: =VLOOKUP(R101,'[1]VNSH03 gia thanh sx '!$F$6:$G$171,2,0) -> 500 | AF101: =P101-AE101 -> 0 | AG101: =IF(VLOOKUP(R101,'VNET-XF-2105'!$B$12:$D$145,3,0)>=P101,P101,VLOOKUP(R101,'VNET-XF-2105'!$B$12:$D$145,3,0)) -> 495 | AJ101: =P101-SUM(AG101:AI101) -> 5
A102: =ROW()-6 -> 96 | B102: =R102 -> RI1206L000JT | C102: L1-PCBA | D102: =$D$4 -> Board RK3562 | E102: =$J$2 -> Gerber_CAMBOX_RK3562_lot500_2505 | F102: =$J$3 -> BOM_CameraBox_2026-04-14 2205 | G102: R9, R166 | H102: Resistor | I102: RES 0 OHM 1206 JUMPER 1/4W SMD | J102: 1206 | K102: SMD | L102: Mounted | M102: pcs | N102: 2 | O102: =$J$4 -> 500 | P102: =IF($N102="","",$N102*$O102) -> 1000 | Q102: Hottech | R102: RI1206L000JT | U102: Approved | V102: Approval Required | W102: Normal / Low | X102: Released | Y102: XFEMS Buy | AA102: LCSC | AE102: =VLOOKUP(R102,'[1]VNSH03 gia thanh sx '!$F$6:$G$171,2,0) -> 1000 | AF102: =P102-AE102 -> 0 | AG102: =IF(VLOOKUP(R102,'VNET-XF-2105'!$B$12:$D$145,3,0)>=P102,P102,VLOOKUP(R102,'VNET-XF-2105'!$B$12:$D$145,3,0)) -> 990 | AJ102: =P102-SUM(AG102:AI102) -> 10
A103: =ROW()-6 -> 97 | B103: =R103 -> RC0402FR-07105KL | C103: L1-PCBA | D103: =$D$4 -> Board RK3562 | E103: =$J$2 -> Gerber_CAMBOX_RK3562_lot500_2505 | F103: =$J$3 -> BOM_CameraBox_2026-04-14 2205 | G103: R11 | H103: Resistor | I103: 62.5mW Thick Film Resistor 50V ±100ppm/℃ ±1% 105kΩ 0402 Chip Resistor - Surface Mount ROHS | J103: 0402 | K103: SMD | L103: Mounted | M103: pcs | N103: 1 | O103: =$J$4 -> 500 | P103: =IF($N103="","",$N103*$O103) -> 500 | Q103: Yageo | R103: RC0402FR-07105KL | U103: Approved | V103: Approval Required | W103: Normal / Low | X103: Released | Y103: XFEMS Buy | AA103: LCSC | AE103: =VLOOKUP(R103,'[1]VNSH03 gia thanh sx '!$F$6:$G$171,2,0) -> 500 | AF103: =P103-AE103 -> 0 | AG103: =IF(VLOOKUP(R103,'VNET-XF-2105'!$B$12:$D$145,3,0)>=P103,P103,VLOOKUP(R103,'VNET-XF-2105'!$B$12:$D$145,3,0)) -> 495 | AJ103: =P103-SUM(AG103:AI103) -> 5
...

Sheet REF
A1: Logic thứ tự cột: Thông tin BOM → thông tin thiết kế → thông tin kỹ thuật linh kiện → trạng thái lắp → số lượng → PN/AVL → kiểm soát thay thế → release/supply/sourcing → note/datasheet
A2: No | B2: Column | C2: Meaning / Ý nghĩa | D2: Giá trị cần điền | E2: Ví dụ | F2: Bắt buộc | G2: Dropdown list | H2: Note | J2: BOM Level | K2: Category | L2: Mounting Type | M2: Mount Status | N2: Unit | O2: AVL Status | P2: Substitution Rule | Q2: Critical Level | R2: Release Status | S2: Supply Type | T2: Ref Supplier
A3: =ROW()-2 -> 1 | B3: No | C3: Số thứ tự dòng BOM | D3: Số tăng dần, không trùng | E3: 1, 2, 3 | F3: Có | J3: L1-PCBA | K3: Resistor | L3: SMD | M3: Mounted | N3: pcs | O3: Approved | P3: No Substitute | Q3: Important / High | R3: Draft | S3: XFEMS Buy | T3: DigiKey
A4: =ROW()-2 -> 2 | B4: BOM Level | C4: Cấp BOM, dùng cho BOM đa cấp | D4: Chọn theo dropdown: L1-PCBA, L2-Box, L3-Acc | E4: L1-PCBA | F4: Có | G4: L1-PCBA, L2-BOX, L3-ACC, L4-PCK | J4: L2-BOX | K4: Capacitor | L4: TH | M4: Do Not Process | N4: set | O4: Not Yet Approved | P4: Approval Required | Q4: Normal / Low | R4: For Quote | S4: Customer Supplied | T4: Mouser
A5: =ROW()-2 -> 3 | B5: Board Name | C5: Tên bo mạch/module chứa linh kiện | D5: Tên board theo thiết kế | E5: Main Board, IO Board | F5: Có | J5: L3-ACC | K5: Inductor | L5: ASM | N5: m | O5: Customer Specified | R5: Released | S5: Do Not Buy | T5: LCSC
A6: =ROW()-2 -> 4 | B6: PCB Rev | C6: Phiên bản PCB/layout | D6: Theo revision layout đã release | E6: Rev.A, Rev.B | F6: Có | K6: Ferrite Bead | N6: cm | S6: Consigned | T6: Arrow
A7: =ROW()-2 -> 5 | B7: BOM Rev | C7: Phiên bản BOM | D7: Theo version BOM phát hành | E7: Rev.A.01 | F7: Có | K7: Diode | N7: mm | T7: Avnet
A8: =ROW()-2 -> 6 | B8: RefDes / Designator | C8: Vị trí linh kiện trên PCB | D8: Ghi đầy đủ designator, có thể gom nhiều vị trí cùng spec | E8: R1,R2,R3 hoặc U1 | F8: Có | K8: LED | N8: roll | T8: TME
A9: =ROW()-2 -> 7 | B9: Category | C9: Nhóm linh kiện | D9: Chọn theo dropdown | E9: Resistor, Capacitor, IC, Connector | F9: Có | K9: Transistor | N9: panel | T9: RS
A10: =ROW()-2 -> 8 | B10: Description | C10: Mô tả kỹ thuật ngắn gọn | D10: Mô tả đủ để sourcing hiểu đúng | E10: Resistor 10k ±1% 0603 | F10: Có | K10: IC | N10: pair | T10: Farnell
A11: =ROW()-2 -> 9 | B11: Package / Footprint | C11: Package/footprint theo layout | D11: Phải khớp footprint PCB Chỉ cần điền các con nhỏ, như 0402, 0603, 0805, 1206 | E11: 0603, SOT-23, QFN-48 | F11: Có | K11: Crystal/Oscillator | N11: box
A12: =ROW()-2 -> 10 | B12: Mounting Type | C12: Kiểu lắp ráp | D12: Chọn theo dropdown: SMD, THT, ASM, ME | E12: SMD, THT, ASM, Mechanical | F12: Có | G12: SMD, THT, ASM, ME | K12: Thermistor | N12: bag
A13: =ROW()-2 -> 11 | B13: Mount Status | C13: Trạng thái có lắp hay không | D13: Chọn theo dropdown: Mounted, Do Not Process, Optional | E13: Mounted, DNP, Optional | F13: Có | G13: Mounted, Do Not Process, Optional | K13: Speaker
A14: =ROW()-2 -> 12 | B14: Unit | C14: Đơn vị tính | D14: pcs, set, m, roll… | E14: pcs | F14: Có | K14: Sensor
A15: =ROW()-2 -> 13 | B15: Qty/Set | C15: Số lượng linh kiện dùng cho 1 board/set | D15: Số lượng thực tế theo thiết kế | E15: 1, 2, 4 | F15: Có | K15: Connector
A16: =ROW()-2 -> 14 | B16: Board Qty | C16: Số lượng board/set cần sản xuất | D16: Nhập theo lot sản xuất hoặc kế hoạch mẫu | E16: 10, 100, 1000 | F16: Có | K16: Module
A17: =ROW()-2 -> 15 | B17: Total Engineer Qty | C17: Tổng số lượng kỹ thuật trước khi tính hao hụt/MOQ/SPQ | D17: Công thức = Qty/Set × Board Qty, loại trừ DNP/Do Not Buy nếu có | E17: 20 | F17: Có | K17: Switch/Button
A18: =ROW()-2 -> 16 | B18: Manufacturer 1 | C18: Hãng của mã ưu tiên PN1 | D18: Tên hãng sản xuất linh kiện | E18: Yageo, TI, ST, Murata | F18: Có nếu có PN1 | H18: Mua hàng ưu tiên mua mã 1 | K18: Relay
A19: =ROW()-2 -> 17 | B19: PN1 | C19: Mã linh kiện ưu tiên mua | D19: Full Manufacturer Part Number, không ghi tắt | E19: RC0603FR-0710KL | F19: Có | K19: Fuse/Protection
A20: =ROW()-2 -> 18 | B20: Manufacturer 2 | C20: Hãng của mã thay thế PN2 | D20: Tên hãng sản xuất thay thế | E20: UniOhm, Walsin, Samsung | F20: Nên có | K20: PCB
A21: =ROW()-2 -> 19 | B21: PN2 | C21: Mã linh kiện thay thế | D21: Full Manufacturer Part Number thay thế đã được kỹ sư đề xuất | E21: 0603WAF1002T5E | F21: Nên có | K21: Stencil
A22: =ROW()-2 -> 20 | B22: AVL Status | C22: Trạng thái phê duyệt mã linh kiện | D22: Chọn theo dropdown | E22: Approved, Conditional, Not Yet Approved | F22: Có | G22: Approved Conditional Customer Specified Not Yet Approved | K22: Cable/Harness
A23: =ROW()-2 -> 21 | B23: Substitution Rule | C23: Quy tắc thay thế linh kiện | D23: Chọn theo dropdown | E23: No Substitute, Approved AVL Only | F23: Có | G23: Approval Required Same spec Allowed No Substitute | K23: Label/Packaging
A24: =ROW()-2 -> 22 | B24: Critical Level | C24: Mức độ quan trọng của linh kiện | D24: Chọn theo dropdown | E24: A-Critical, B-Important, C-Normal | F24: Có | G24: A-Critical B-Important C-Normal D-Commodity | K24: Others
A25: =ROW()-2 -> 23 | B25: Release Status | C25: Trạng thái phát hành BOM | D25: Chọn theo dropdown | E25: Draft, For Quote, Released | F25: Có | G25: Draft For Quote Released Hold | K25: Heatsink
A26: =ROW()-2 -> 24 | B26: Supply Type | C26: Nguồn cấp vật tư | D26: Chọn theo dropdown | E26: XFEMS Buy, Customer Supplied, Do Not Buy | F26: Có | G26: XFEMS Buy Customer Supplied Do Not Buy | K26: Module
A27: =ROW()-2 -> 25 | B27: Internal Code | C27: Mã linh kiện nội bộ của XFORCE EMS | D27: Nếu chưa có thì để trống, kho/mua hàng cập nhật sau | F27: Nên có | K27: Fan
A28: =ROW()-2 -> 26 | B28: Ref Supplier | C28: Nhà cung cấp tham khảo | D28: Ghi nhà cung cấp kỹ sư/mua hàng gợi ý | E28: DigiKey, Mouser, LCSC | F28: Nên có | K28: Antena
A29: =ROW()-2 -> 27 | B29: Engineer Note | C29: Ghi chú kỹ thuật cho dòng BOM | D29: Ghi điều kiện thay thế, lưu ý mounting, polarity, critical note | E29: Do not replace without approval | F29: Nên có
A30: =ROW()-2 -> 28 | B30: Change Note | C30: Ghi chú thay đổi so với BOM Rev trước | D30: Ghi rõ thay đổi nếu có | E30: Change R10 from 10k to 4.7k | F30: Khi có thay đổi
A31: =ROW()-2 -> 29 | B31: Ref Link / Datasheet | C31: Link datasheet hoặc link tham khảo | D31: Link datasheet hãng, distributor hoặc tài liệu kỹ thuật | E31: Link datasheet TI/Murata | F31: Nên có

Sheet VNET-XF-2105
C1: Công Ty Cổ Phần Công Nghệ Điện Tử & Viễn Thông Việt Nam
C2: Địa chỉ: A46 TT19 Nguyễn Khuyến, P. Văn Quán, Q. Hà Đông, TP. Hà Nội
C3: Điện thoại: 0243 6400 767
C4: Website: https://vnetgps.vn/
A5: BIÊN BẢN BÀN GIAO LINH KIỆN
A7: Bên bàn giao: Công Ty Cổ Phần Công Nghệ Điện Tử & Viễn Thông Việt Nam | E7: Hà Nội, ngày 21 tháng 05 năm 2026
A8: Bên nhận bàn giao: Công ty X-Force
A9: Nội dung: Bàn giao linh kiện gia công thiết bị đầu ghi camera
A11: STT | B11: Mã Linh Kiện | C11: Đơn Vị Tính | D11: Số lượng | E11: Ghi Chú
A12: 1 | B12: XS9922B | C12: Chiếc | D12: 489 | E12: Linh kiện gia công thiết bị đầu ghi camera
A13: 2 | B13: RK3562 | C13: Chiếc | D13: 488
A14: 3 | B14: 0603X105K500NT | C14: Chiếc | D14: 3465
A15: 4 | B15: CC1206KKX7R0BB104 | C15: Chiếc | D15: 990
A16: 5 | B16: RVT2A100M0605 | C16: Chiếc | D16: 990
A17: 6 | B17: CS3225X7R106K500NRL | C17: Chiếc | D17: 2475
A18: 7 | B18: CC0603KRX7R9BB104 | C18: Chiếc | D18: 5445
A19: 8 | B19: CC0402JRNPO9BN220 | C19: Chiếc | D19: 990
A20: 9 | B20: FCC0402B681K500AT | C20: Chiếc | D20: 495
A21: 10 | B21: CC0402KRX7R7BB104 | C21: Chiếc | D21: 40570
A22: 11 | B22: RT1H101M0810 | C22: Chiếc | D22: 990
A23: 12 | B23: CC0402KRX7R9BB822 | C23: Chiếc | D23: 495
A24: 13 | B24: EMK316BBJ476ML-T | C24: Chiếc | D24: 495
... A65: 54 | B65: CBG160808U100T | C65: Chiếc | D65: 990
A66: dr | B66: LMR14050SDDAR | C66: Chiếc | D66: 495
A67: 56 | B67: ETA3409S2F | C67: Chiếc | D67: 990
A68: 57 | B68: LM3481MMX/NOPB | C68: Chiếc | D68: 495
A69: 58 | B69: A7677S | C69: Chiếc | D69: 495
A70: 59 | B70: TLV75801PDBVR | C70: Chiếc | D70: 1980
A71: 60 | B71: MAX3232CDR | C71: Chiếc | D71: 1485
A72: 61 | B72: NCA9555 | C72: Chiếc | D72: 990
A73: 62 | B73: LK8563T | C73: Chiếc | D73: 495
A74: 63 | B74: SMF05CT1G-P | C74: Chiếc | D74: 495
A75: 64 | B75: SR05-04A | C75: Chiếc | D75: 495
A76: 65 | B76: YT8512H | C76: Chiếc | D76: 495
A77: 66 | B77: LM393DR | C77: Chiếc | D77: 495
A78: 67 | B78: ZD0650-2R2M | C78: Chiếc | D78: 495
... A140: 130 | B140: EMK325ABJ107MM-T | C140: Chiếc | D140: 500
A141: 131 | B141: M7 | C141: Chiếc | D141: 514 | E141: MÃ lk thay thế: MLK 000061
A142: 132 | B142: VHF100505HQ47NJT | C142: Chiếc | D142: 500
A143: 133 | B143: SIM65M-C | C143: Chiếc | D143: 500
A144: 134 | B144: RI0603L1002FT | C144: Chiếc | D144: 2955
A145: 135 | B145: RC0402FR-072R2L | C145: Chiếc | D145: 1000
A147: Đại Diện Bên Bàn Giao | D147: Đại Diện Bên Nhận Bàn Giao
A148: (Ký, ghi rõ họ tên) | D148: (Ký, ghi rõ họ tên)

Sheet VNET-XF_dự kiến lần 2
A1: SI No | B1: HSN Code | C1: Item Description | D1: Quantity | E1: Rate | F1: P/N_Board RK3562 | G1: VNET đã bàn giao | H1: Note_Board RK3562
A2: 1 | B2: TannhietSOM | C2: 62x62x15mm | D2: 500 | G2: 0
A3: 2 | B3: C0603X7R104K500NT | C3: CAP CER 0.1UF 50V X7R 0603 | D3: 500 | G3: 500
A4: 3 | B4: EMK325ABJ107MM-T | C4: 100uF ±20% 16V Ceramic Capacitor X5R 1210 | D4: 1000 | G4: 500
A5: 4 | B5: MY-2016-02 | C5: Battery Clip Nickel -25°C~+85°C Phosphor Bronze CR2016 SMD Blade Type Power Connector Assemblies RoHS | D5: 500 | G5: 495
A6: 5 | B6: 2.D.1.270002002 | C6: Crystal 27MHz 10ppm 20pF 60Ω SMD2016-4P | D6: 500 | G6: 0
A7: 6 | B7: VHF10050511Q47NJT | C7: 700mA 47nH 160mΩ ±5% 0402 Fixed Inductors RoHS | D7: 500 | F7: VHF100505HQ47NJT | G7: 500
A8: 7 | B8: RI0603L1002FT | C8: RES SMD 10K OHM 1% 1/10W 0603 | D8: 500 | G8: 500
A9: 8 | B9: YAGEORC0402FR-072R2L | C9: 62.5mW 2.2Ω 50V Thick Film Resistor ±1% ±200ppm/°C 0402 Chip Resistor Surface Mount RoHS | D9: 1000 | G9: 0 | H9: SL tăng 2 lên 3: Thêm R276
A10: 9 | B10: PZ200V-11-04P | C10: JUMP-2.0-4PIN-FM-TH | D10: 500 | F10: JUMP-2.0-4PIN-FM-TH | G10: 0 | H10: SL giảm 1 về 0 do DNP J26
A11: 10 | B11: XII-2AW | C11: Connector Header 2 position 2.5mm Pitch Right Angle | D11: 500 | F11: XH-2AW | G11: 0
A12: 11 | B12: C0603X5R105K500NT | C12: CAP CER 1UF 50V X5R 0603 | D12: 3000 | G12: 0 | H12: SL giảm từ 7 còn 6 do C48 DNP
A13: 12 | B13: CC0402KRX7R7BB104 | C13: 16V 100nF X7R ±10% 0402 Multilayer Ceramic Capacitors MLCC - SMD/SMT ROHS | D13: 2000 | G13: 40570 | H13: số lượng 86 giảm còn 83: C33, C144,C145 DNP
A14: 13 | B14: CC0402FRNPO9BN101 | C14: 50V 100pF NP0 ±1% 0402 Multilayer Ceramic Capacitors MLCC - SMD/SMT ROHS | D14: 1500 | G14: 3945 | H14: SL giảm 11 xuống 9, DNP C194,C29
A15: 14 | B15: C0805X5R106K160NT | C15: CAP CER 10uF 16V X5R 0805 | D15: 500 | G15: 13360 | H15: Part 2 có 13360pcs
A16: 15 | B16: KH-IPEX-K501-29 | C16: 1 Inner pin IPEX Board-End 1.25mm -40°C~+90°C 3GHz 50Ω 2mm SMD Coaxial Connectors (RF) ROHS | D16: 500 | G16: 985
A17: 16 | B17: ESD5Z5V0 | C17: Unidirectional 5V (Max) 6.2V 18.6V 9.4A SOD-523 TVS ROHS | D17: 1000 | G17: 1500
A18: 17 | B18: WE05DGCF-B | C18: 3A@8/20us 23V 70W@8/20us 6V 5V DFN1006-2L TVS Diodes ROHS | D18: 500 | G18: 490
A19: 18 | B19: B72590D50H160 | C19: 0402 Varistors ROHS | D19: 1500 | G19: 6915
A20: 19 | B20: XL-1608SYGC-04 | C20: 20mA 180mcd Colorless Transparent Lens 565nm-575nm -20°C-+85°C | D20: 500 | G20: 1480 | H20: Led NoValue chỗ NETSTATUS - sheet 4G không có tên- Bản prototype không hàn, Note lưu ý sửa file pick and place khi SMT
A21: 20 | B21: 2SK3018 | C21: N-Channel 30V 0.1A 0.35W Surface Mount SOT-21 | D21: 2000 | G21: 3455
A22: 21 | B22: SI2333CDS | C22: SOT-23-3 MOSFETs P-Channel ROHS | D22: 500 | G22: 2970
A23: 22 | B23: RC0402FR-074K7L | C23: 62.5mW Thick Film Resistors 50V ±100ppm/°C ±1% 4.7kΩ 0402 Chip Resistor - Surface Mount ROHS | D23: 2500 | G23: 16805
A24: 23 | B24: RC0402FR-070RL | C24: 62.5mW 0Ω 50V ±1% Thick Film Resistors 0402 Chip Resistor - Surface Mount ROHS | D24: 2000 | G24: 9385 | H24: SL tăng từ 23 lên 24: thêm R270,275,R273, DNP R17,R23
A25: 24 | B25: RC0402FR-072K2L | C25: 62.5mW Thick Film Resistor 50V ±100ppm/°C ±1% 2.2kΩ 0402 Chip Resistor - Surface Mount ROHS | D25: 2500 | G25: 7400
A26: 25 | B26: RC0402FR-0722RL | C26: 50V Thick Film Resistors 62.5mW 22Ω ±1% ±100ppm/°C 0402 Chip Resistor Surface Mount ROHS | D26: 8500 | G26: 13365 | H26: Thêm 1 từ 27 lên 28 do bỏ DNP R157
A27: 26 | B27: RC0402FR-071KL | C27: 62.5mW Thick Film Resistor 50V ±100ppm/°C ±1% 1kΩ 0402 Chip Resistor - Surface Mount ROHS | D27: 1000 | G27: 10000
A28: 27 | B28: RC0402FR-0710RL | C28: 62.5mW Thick Film Resistor 50V ±1% ±200ppm/°C 10Ω 0402 Chip Resistor Surface Mount ROHS | D28: 500 | G28: 4450
A29: 28 | B29: RC0402FR-0747KL | C29: 62.5mW Thick Film Resistor 50V ±100ppm/°C ±1% 47kΩ 0402 Chip Resistor - Surface Mount ROHS | D29: 500 | G29: 8000
A30: 29 | B30: TS-1090S-AR02026 | C30: 50mA 3.5mm 100000 Times 260gf 12V 3mm 2mm Round Button Standing paste SPST | D30: 160 | G30: 1325
A31: 30 | B31: MMBT3904-TP | C31: TRANS NPN 40V 0.2A SOT23 | D31: 500 | G31: 11380
A32: 31 | B32: GX12-2P | C32: Giắc GX12-2P 2 Chân (Đực) | D32: 500 | G32: 0
A33: 32 | B33: GX12-4P | C33: Giắc GX12-4P 12mm 4 Chân (Đực) | D33: 2000 | G33: 0
A34: 33 | B34: CR2016 | C34: Pin CR2016 | D34: 500 | G34: 0 | H34: VNET đã bàn giao khay để cài Pin CR2026
A35: 34 | B35: 1.13lpex | C35: Cáp RF Đầu SMA Cái Nối 1.13lpex Dài 10cm | D35: 1000 | H35: Không tìm thấy trong BOM
A36: 35 | B36: 9x9x12mm | C36: Tản nhiệt nhôm CPU 9x9x5mm trắng | D36: 500 | H36: Không tìm thấy trong BOM
A37: 36 | B37: Lò Xo Kẹp 17.6mm | C37: Black White Push Pins Hex Rivet Fastern Nail With Spring for Heat Sink Cooling Fan GPU | D37: 1000 | G37: 0
A38: 37 | B38: M3x16mm | C38: Vít Máy KM M3 x 16mm | D38: 2000 | G38: 0
A39: 38 | B39: M3 Inox304 | C39: Đai Ốc M3 Inox 304 | D39: 2000 | G39: 0
A40: 39 | B40: M2x4mm | C40: Ốc M2 SSD (Dùng gắn SSD M.2 PCIe, M.2 SATA trên main laptop) | D40: 500 | G40: 0
A41: 40 | B41: M3 | C41: Long Đèn Hở M3 Inox 304 | D41: 2000 | G41: 0
A42: 41 | B42: GX12-2P (Cái) | C42: Giắc GX12-2P 2 Chân (Cái) Dấu Dây | D42: 500 | G42: 0
