Workbook

Sheet Sheet1
A2: Tháng 9
A3: Thông Tin Thiết Bị
A4: STT/ ThángA4:Q4 | C4: Ngày Nhận | D4: Ngày Trả | E4: Model | F4: IMEI hoặc S/L | G4: Phụ Kiện | H4: Hạn BH | I4: Chị Hà Note | J4: Chị Phí Linh Kiện Thay Thế | K4: Ghi Chú | L4: Cấu Hình IP, PORT | M4: FW Ver. Cũ | N4: FW Ver. Mới | O4: Xác Định Lỗi | P4: Xử Lý Lỗi | Q4: Nhân Viên BH
A5: 1 | B5: ĐL. Ngọc Hoàn | C5: 46268 | D5: 46268 | E5: VNSH02 | F5: 0032002AD9 | G5: SIM + thẻ nhớ | H5: H | O5: SIM nhận chập chờn, mất nguồn ra RS232 | P5: Xử lý lại khay SIM, xử lý lại nguồn ra RS232 | Q5: Tùng
A6: 2 | C6: 46268 | D6: 46279 | E6: VNSH03 | F6: VNET861385071456282 | H6: Còn BH | K6: ID mới: VNET861385070647584 | N6: VNSH03.1.0.20260805 | O6: LED trạng thái không hiển thị | P6: Đổi bảo hành, thiết bị lỗi BH giữ lại gửi qua Aithings bảo hành | Q6: Tùng
A7: 3 | C7: 46274 | D7: 46279 | E7: VNSH02 | F7: 0032001EFD | O7: Thẻ nhớ lỗi lắp vào lúc có nguồn lúc không | P7: Thay thẻ nhớ khác test lại hoạt động bình thường | Q7: Tùng
A8: 4 | C8: 46274 | D8: 46283 | E8: 51_TG102LE(upg) | F8: 005106075423457 | H8: Còn BH | L8: 125.212.203.50:13579 | N8: LEu.2.0-251205 | O8: Mất giao tiếp MCU-Module SIM, không nhận SIM Viettel | P8: Xử lý lại giao tiếp MCU-Module SIM, hạ FW về FW cũ update lại | Q8: Tùng
A9: 5 | C9: 46274 | D9: 46283 | E9: 51_TG102LE(upg) | F9: 005185070120301 | H9: H | L9: 125.212.203.50:13579 | N9: LEu.2.0-251205 | O9: Mất giao tiếp MCU-Module SIM, không nhận SIM Viettel | P9: Xử lý lại giao tiếp MCU-Module SIM, hạ về FW cũ nâng cấp lại FW mới | Q9: Tùng
A10: 6 | C10: 46274 | D10: 46283 | E10: 51_TG102LE(upg) | F10: 005185070137131 | H10: H | L10: 125.212.203.50:13579 | N10: LEu.2.0-251205 | O10: Mất giao tiếp | P10: Nạp lại FW | Q10: Tùng
A11: 7 | C11: 46274 | D11: 46283 | E11: 51_TG102LE(upg) | F11: 005185070128015 | G11: SIM | H11: H | L11: 125.212.203.50:13579 | N11: LEu.2.0-251205 | O11: Mất giao tiếp | P11: Nạp lại FW | Q11: Tùng
A12: 8 | C12: 46274 | D12: 46283 | E12: 51_TG102LE(upg) | F12: 005106075411551 | H12: Còn BH | L12: 125.212.203.50:13579 | N12: LEu.2.0-251205 | O12: Lỗi connector, SIM Viettel không kết nối chạm BTS, khay SIM chập chờn | P12: Thay connector, hạ FW nâng cấp lại, thay khay SIM | Q12: Tùng
A13: 9 | C13: 46274 | D13: 46289 | E13: 55_TG102LE | F13: 005505051232074 | K13: Hết hạn DV | L13: 125.212.203.50:13579 | N13: Le4.3.4-250402 | O13: Mất giao tiếp | P13: Nạp lại FW | Q13: Tùng
A14: 10 | C14: 46274 | D14: 46283 | E14: 51_TG102LE(upg) | F14: 005185070118743 | G14: SIM | H14: H | L14: 125.212.203.50:13579 | N14: LEu.2.0-251205 | O14: Mất giao tiếp, không nhận IC chuyển động | P14: Nạp lại FW, xử lý lại kết nối IC chuyển động với MCU | Q14: Tùng
A15: 11 | C15: 46274 | D15: 46283 | E15: 51_TG102LE(upg) | F15: 005106075433571 | H15: Còn BH | L15: 125.212.203.50:13579 | N15: LEu.2.0-251205 | O15: Không nhận SIM,(nhận SIM Viettel không kết nối tới trạm BTS) | P15: Xử lý lại VCC khay SIM, hạ về FW cũ nâng cấp lại FW mới | Q15: Tùng
A16: 12 | C16: 46274 | D16: 46283 | E16: 51_TG102LE(upg) | F16: 005185070132728 | H16: H | K16: ID mới: 005185070008167 | L16: 125.212.203.50:13579 | N16: LEu.2.0-251205 | O16: Không nhận SIM | P16: Thay module SIM | Q16: Tùng
A17: 13 | C17: 46274 | D17: 46283 | E17: 51_TG102LE(upg) | F17: 005185070144863 | G17: SIM | H17: Còn BH | K17: SIM lỗi | L17: 125.212.203.50:13579 | N17: LEu.2.0-251205 | O17: Mất giao tiếp Module SIM-MCU, khay SIM chập chờn | P17: Xử lý lại giao tiếp Module SIM MCU, thay khay SIM | Q17: Tùng
A18: 14 | C18: 46274 | D18: 46289 | E18: 51_TG102LE(upd) | F18: 005181051090695 | H18: Còn BH | O18: Mất giao tiếp | P18: Nạp lại FW | Q18: Tùng
A19: 15 | C19: 46274 | D19: 46289 | E19: 51_TG102LE(upd) | F19: 862205051196303 | G19: SIM | H19: H | K19: ID mới: 005105051196303, SIM lỗi, hết hạn DV | L19: 125.212.203.50:13579 | M19: Le4.1.05.AOO55.210624 | N19: LEu.2.0-251205 | O19: Mất giao tiếp MCU-Module SIM | P19: Nâng cấp FW thiết bị + module SIM | Q19: Tùng
A20: 16 | C20: 46274 | D20: 46289 | E20: 55_TG102LE | F20: 862205051205252 | H20: Không xác định | K20: ID mới: 005505051205252, hết hạn DV | N20: Le4.3.4.250402 | O20: Không xác định được lỗi | P20: Xoá bộ nhớ cấu hình lại thiết bị | Q20: Tùng
A21: 17 | C21: 46274 | D21: 46289 | E21: 55_TG102LE | F21: 862205051227322 | H21: Không xác định | K21: ID mới: 005505051227322 | M21: Le4.2.3.09230922 | N21: Le4.3.4.250402 | O21: Không xác định được lỗi | P21: Xoá bộ nhớ cấu hình lại thiết bị | Q21: Tùng
A22: 18 | C22: 46274 | D22: 46289 | E22: 60_TG102LE | F22: 006011074333824 | H22: Còn BH | K22: ID mới: 007785070692614 | L22: 125.212.203.115:13030 | M22: LEc.2.3-250327 | O22: Lỗi GPS | P22: Thay module SIM A7677S | Q22: Tùng
A23: 19 | C23: 46280 | D23: 46283 | E23: 51_TG102LE(upg) | F23: 005106075447985 | O23: Nhận SIM chập chờn | P23: Xử lý lại giao tiếp khay SIM - Module SIM | Q23: Tùng
A24: 20 | C24: 46280 | D24: 46289 | E24: 51_TG102LE(upg) | F24: 005185070138014 | H24: Còn BH | M24: LEu.2.0-251205 | O24: Nhận SIM chập chờn | P24: Xử lý lại giao tiếp Module SIM - khay SIM | Q24: Tùng
A25: 21 | C25: 46280 | D25: 46289 | E25: 51_TG102LE(upg) | F25: 005106075434207 | H25: Còn BH | O25: Không nhận SIM | P25: Xử lý lại giao tiếp Module - khay SIM | Q25: Tùng
A26: 22 | C26: 46280 | D26: 46289 | E26: 51_TG102LE(upg) | F26: 005185070138766 | G26: SIM | H26: Còn BH | M26: LEu.2.0-251205 | O26: Nhận SIM chập chờn | P26: Xử lý lại giao tiếp Module SIM - khay SIM | Q26: Tùng
A27: 23 | C27: 46280 | D27: 46289 | E27: 51_TG102LE(upg) | F27: 005185070128965 | H27: Còn BH | O27: Chập nguồn | P27: Thay diode quá áp | Q27: Tùng
A28: 24 | C28: 46280 | D28: 46289 | E28: 51_TG102LE(upg) | F28: 005111074333923 | H28: Còn BH | K28: ID mới: 005185070007722 | L28: 125.212.203.50,13579 | M28: LEu.2.0-251205 | N28: LEd.1.2.250416 | O28: Không nhận SIM | P28: Thay module SIM A7677S | Q28: Tùng
A29: 25 | C29: 46280 | D29: 46289 | E29: 51_TG102LE(upg) | F29: 005106075448470 | H29: Còn BH | M29: LEu.2.0-251205 | O29: Nhận SIM chập chờn | P29: Xử lý lại giao tiếp Module - khay SIM | Q29: Tùng
A30: 26 | C30: 46280 | D30: 46289 | E30: 51_TG102LE(upd) | F30: 862205051198481 | G30: SIM | H30: Không xác định | K30: Thiết bị xuất bán VIETCOM,ID mới: 005105051198481, SIM lỗi | L30: 125.212.203.50,13579 | M30: LEu.2.0-251205 | O30: Bo mạch oxi hoá | P30: Thay MCU, IC giao tiếp tụ trở connector, cổng DB09, nâng cấp FW thiết bị + mdodule SIM | Q30: Tùng
A31: 27 | C31: 46280 | D31: 46289 | E31: 55_TG102LE | F31: 862205051224725 | H31: Không xác định | K31: ID mới: 005505051224725 | L31: 125.212.203.50:13579 | O31: Mất giao tiếp | P31: Nạp lại FW | Q31: Tùng
A32: 28 | C32: 46280 | D32: 46289 | E32: 60_TG102LE | F32: 006011074329798 | H32: Còn BH | K32: ID mới: 007785070647717 | L32: 1.252122e+11 | M32: LEc.2.3.250327 | N32: LEd.1.2.250416 | O32: Lỗi GPS | P32: Thay module SIM A7677S | Q32: Tùng
A33: 29 | C33: 46280 | D33: 46289 | E33: VNSH02 | F33: WP22050219S03573 / 0032004D81 | G33: Thẻ nhớ | O33: Lỗi microphone | P33: Thay microphone | Q33: Tùng
A34: 30 | C34: 46280 | D34: 46283 | E34: VNSH02 | F34: WP21120135S02289 / 0032002422 | G34: SIM + thẻ nhớ | H34: H | L34: 1.252122e+11 | M34: V3.3.21.6_R23041202 / C43-M01-GD32-MCU-T23030101 | N34: V3.3.21.6_R23041202 / C43-M01-GD32-MCU-T23060699 | O34: Chập nguồn 5V | P34: Tách chập nguồn thay tụ lọc | Q34: Tùng
A35: 31 | C35: 46280 | D35: 46283 | E35: VNSH02 | F35: 0032002655 | G35: SIM + thẻ nhớ | H35: H | L35: 1.252122e+11 | M35: V3.3.21.6_R23041202 / C43-M01-GD32-MCU-T23030101 | N35: V3.3.21.6_R23041202 / C43-M01-GD32-MCU-T23060699 | O35: Chập nguồn 3v3 | P35: Tách chập nguồn thay tụ lọc, thay IC nguồn, nâng cấp FW MCU | Q35: Tùng
A36: 32 | C36: 46280 | D36: 46289 | E36: VNSH02 | F36: WP21110052S00947 / 0032000C17 | G36: Thẻ nhớ | H36: H | K36: Khách phản hồi lại SIM nhận chập chờn | L36: 125.212.203.91,21083 | M36: V3.3.21.6_R23041202 / C43-M01-GD32-MCU-T23030101 | O36: Khay SIM lỏng | P36: Gửi thêm miếng dán chèn SIM cho khách | Q36: Tùng
A37: 33 | C37: 46280 | D37: 46289 | E37: HUB_H1 | F37: 2002202300316 | H37: H | K37: Dùng cho TG102LE | O37: Không dò được nhiệt ACT2 | P37: Thay IC giao tiếp | Q37: Tùng
A38: 34 | C38: 46280 | D38: 46289 | E38: HUB_H1 | F38: 2002202300100 | H38: H | K38: Dùng cho TG102LE | O38: Không dò được nhiệt | P38: Nạp lại FW | Q38: Tùng
A39: 35 | C39: 46294 | E39: 51_TG102LE(upg) | F39: 005106075435139 | H39: H | O39: Thường xuyên mất giao tiếp MCU-Module SIM | Q39: Tùng
A40: 36 | C40: 46294 | E40: VNSH02 | F40: WP22050219S00296 / 0032004243 | H40: H | O40: Chập nguồn đầu vào | Q40: Tùng
A41: 37 | B41: Anh Tuấn BG | C41: 46268 | D41: 46270 | E41: VNSH02 | F41: 003200D967 | H41: Còn BH | O41: Chập nguồn 3v3 | P41: Tách chập nguồn thay tụ lọc | Q41: Tùng
A42: 38 | C42: 46268 | D42: 46270 | E42: VNSH02 | F42: 003200DA83 | H42: Còn BH | O42: Chập nguồn 3v3 | P42: Tách chập nguồn thay tụ lọc | Q42: Tùng
A43: 39 | C43: 46268 | D43: 46270 | E43: VNSH02 | F43: 003200AA72 | G43: SIM + thẻ nhớ | H43: Không xác định | K43: Thiết bị không do VNET xuất bán | O43: Không đăng nhập cấu hình được | P43: Anh Thông báo giữ lại | Q43: Tùng
A44: 40 | C44: 46294 | E44: 51_TG102LE(upg) | F44: 005185070143071 | G44: SIM | H44: H
A45: 41 | C45: 46294 | E45: 51_TG102LE(upg) | F45: 005185070136729 | H45: H
A46: 42 | C46: 46294 | E46: 51_TG102LE(upg) | F46: 005185070139608 | H46: H
A47: 43 | C47: 46294 | E47: 51_TG102LE(upg) | F47: 005181053441011 | H47: Còn BH
A48: 44 | C48: 46294 | E48: 51_TG102LE(upg) | F48: 005185070133759 | H48: H
A49: 45 | C49: 46294 | E49: 51_TG102LE(upd) | F49: 005185070139079 | G49: SIM | H49: H
A50: 46 | C50: 46294 | E50: 51_TG102LE(upd) | F50: 005181051083534 | H50: H
A51: 47 | C51: 46294 | E51: 55_TG102LE | F51: 861881051090497 | G51: SIM | H51: H
A52: 48 | C52: 46294 | E52: 55_TG102LE | F52: 005581052581338 | H52: H
A53: 49 | C53: 46294 | E53: 55_TG102LE | F53: 005505051159517 | G53: SIM | H53: H
A54: 50 | C54: 46294 | E54: 55_TG102LE | F54: 862205051205484 | H54: H
A55: 51 | C55: 46294 | E55: VNSH02 | F55: WP21120049S01597 / 0032001DD5 | G55: SIM + thẻ nhớ | H55: Không xác định | K55: Thiết bị không do VNET xuất bán
A56: 52 | C56: 46294 | E56: VNSH02 | F56: 0032000A76
A57: 53 | C57: 46294 | E57: VNSH02 | F57: 00320091DE | H57: H | L57: 1.252122e+11 | M57: V3.3.21.5_R22121502 / C43-M01-GD32-MCU-T22072001 | N57: V3.3.21.6_R23041202 / C43-M01-GD32-MCU-T23060699 | O57: Lỗi nguồn | P57: Tách thay tụ lọc nguồn chập, nâng cấp FW thiết bị | Q57: Tùng
A58: 54 | C58: 46294 | E58: VNSH02 | F58: 003200B0B1 | G58: SIM + thẻ nhớ | H58: H
A59: 55 | C59: 46294 | E59: VNSH02 | F59: WP21110069S00661 / 00320014DA | G59: SIM + thẻ nhớ | L59: 1.252122e+11 | M59: V3.3.21.5_R22121502 / C43-M01-GD32-MCU-T22072001 | N59: V3.3.21.6_R23041202 / C43-M01-GD32-MCU-T23060699 | O59: Sụt áp nguồn RS232 | P59: Thay IC điều khiển nguồn (chưa báo giá) | Q59: Tùng
A60: 56 | C60: 46294 | E60: VNSH02 | F60: 00320092FD | G60: SIM + thẻ nhớ | H60: H
A61: 57 | C61: 46294 | E61: VNSH01 | F61: WM21051100S0492 / 00BD0004D8 | G61: Anten GSM(x3), dây mở rộng, đế gắn chân (x2 cặp), dây nguồn, SIM, thẻ nhớ
A62: 58 | C62: 46294 | E62: VNSH03 | F62: VNET861385071448313 | H62: Còn BH | K62: Xuất kho: 17/09/2026
A63: 59 | C63: 46294 | E63: VNSH03 | F63: VNET861385071531415 | H63: Còn BH | K63: Xuất kho: 17/09/2026
A64: 60 | C64: 46294 | E64: VNSH03 | F64: VNET861385071461407 | H64: Còn BH | K64: Xuất kho: 17/09/2026
A65: 61 | C65: 46294 | E65: VNSH03 | F65: VNET861385071530888 | H65: Còn BH | K65: Xuất kho: 17/09/2026
A66: 62 | C66: 46294 | E66: HUB_H1 | F66: 2002202300084
A67: 63 | C67: 46294 | E67: HUB_H1 | F67: 2002202300052
A68: 64 | C68: 46294 | E68: HUB_H1 | F68: 2002202300094 | H68: H
A69: 65 | C69: 46294 | E69: HUB_H1 | F69: 2002202300024 | H69: H
A70: 66 | C70: 46294 | E70: HUB_H1 | F70: 2002202300023 | H70: H
A71: 67 | C71: 46294 | E71: HUB_H1 | F71: 2002202300018 | H71: H
A72: 68 | C72: 46294 | E72: Card Reader | F72: SL: 4 | H72: Không xác định
A73: 69 | B73: Maxconnect | C73: 46268 | D73: 46273 | E73: VNSH02 | F73: 0032001EE4 | H73: H | K73: Không đăng nhập được vào easy check | O73: Chập nguồn 3V, vỡ len cam trước, mất dây connector GPS | P73: Xử lý khối nguồn , thay len cam trước, câu dây connector GPS | Q73: Hậu
A74: 70 | B74: Anh Trực | C74: 46268 | D74: 46283 | E74: VNSH02 | F74: 003200ACEF | H74: Còn BH | K74: Hết hạn DV | L74: 1.252122e+11 | M74: V3.3.21.6_R23041202 / C43-M01-GD32-MCU-T23030101 | N74: V3.3.21.6_R23041202 / C43-M01-GD32-MCU-T23060699 | O74: TB hoạt động bình thường | P74: Test lại tb, nâng cấp FW MCU | Q74: Hậu
A75: 71 | C75: 46268 | D75: 46283 | E75: VNSH02 | F75: 0032009B15 | H75: H | K75: Không đăng nhập được vào easy check | O75: Chập nguồn 5V | P75: Xử lý khối nguồn 5V | Q75: Hậu
A76: 72 | C76: 46268 | D76: 46283 | E76: VNSH02 | F76: 00320046A0 | H76: H | L76: 1.252122e+11 | M76: V3.3.21.6_R23041202 / C43-M01-GD32-MCU-T23060699 | N76: V3.3.21.6_R23041202 / C43-M01-GD32-MCU-T23060699 | O76: TB hoạt động bình thường | P76: Test lại tb, nâng cấp FW MCU | Q76: Hậu
A77: 73 | C77: 46268 | D77: 46283 | E77: 51_TG102LE(upd) | F77: 005181051088947 | H77: H | O77: Hay mất tín hiệu GSM, gãy chân ăngten | P77: Nạp lại FW module SIM | Q77: Hậu
A78: 74 | C78: 46268 | D78: 46283 | E78: 55_TG102LE | F78: 861881054166070 | G78: SIM 95684 | H78: H | O78: Mất giao tiếp, chốt SIM chậm | P78: Nạp lại IAP+FW thiết bị | Q78: Hậu
A79: 75 | C79: 46274 | D79: 46283 | E79: 51_TG102LE(upg) | F79: 005185070124279 | H79: H | O79: Reset liên tục | Q79: Hậu
A80: 76 | C80: 46274 | D80: 46283 | E80: 60_TG102LE | F80: 006080056230209 | H80: H | O80: TB hoạt động bình thường | P80: Test lại tb | Q80: Hậu
A81: 77 | C81: 46274 | D81: 46283 | E81: VNSH02 | F81: 003200A720 | H81: H | K81: Hết hạn DV | L81: 1.252122e+11 | M81: V3.3.21.6_R23041202 / C43-M01-GD32-MCU-T23030101 | N81: V3.3.21.6_R23041202 / C43-M01-GD32-MCU-T23060699 | O81: TB hoạt động bình thường | P81: Test lại tb, nâng cấp FW MCU | Q81: Hậu
A82: 78 | C82: 46274 | D82: 46283 | E82: VNSH02 | F82: 003200A207 | H82: H | L82: 1.252122e+11 | M82: V3.3.21.6_R23041202 / C43-M01-GD32-MCU-T23030101 | N82: V3.3.21.6_R23041202 / C43-M01-GD32-MCU-T23060699 | O82: Lỗi mic | P82: Thay mic, nâng cấp FW MCU | Q82: Hậu
A83: 79 | C83: 46274 | E83: ACT-01 | F83: 202409251322007 | H83: H | Q83: Hậu
A84: 80 | C84: 46287 | E84: VNSH02 | F84: 0032004A48 | Q84: Hậu
A85: 81 | C85: 46287 | E85: VNSH01 | F85: 00BD000A87 | Q85: Hậu
A86: 82 | C86: 46287 | E86: 80_TG102E | F86: 008080056234433 | Q86: Hậu
A87: 83 | B87: AT Việt Nam | C87: 46270 | D87: 46272 | E87: 51_TG102LE(upg) | F87: 005105051157727 | H87: Còn BH | O87: Bung via connector nguồn | P87: Xử lý lại connnector nguồn | Q87: Tùng
A88: 84 | C88: 46270 | D88: 46272 | E88: 51_TG102LE(upg) | F88: 005185070134930 | H88: H | O88: Mất giao tiếp, chốt SIM chậm | P88: Nạp lại FW thiết bị + FW Module SIM | Q88: Tùng
A89: 85 | C89: 46270 | D89: 46272 | E89: 51_TG102LE(upg) | F89: 005185070127967 | H89: H | O89: Mất ID | P89: Gán lại ID | Q89: Tùng
A90: 86 | C90: 46291 | E90: 51_TG102LE(upg) | F90: 005106075439677 | H90: Còn BH
A91: 87 | B91: Victory | C91: 46272 | D91: 46272 | E91: Card Reader | F91: SL: 1 | G91: Dây nguồn+ thẻ lái xe (x2) | H91: Không xác định | O91: Thiết bị hoạt động bình thường, thẻ lái xe quẹt lúc nhận lúc không | P91: Gán lại thông tin thẻ lái xe, test lai thiết bị | Q91: Tùng
A92: 88 | C92: 46274 | D92: 46276 | E92: VNSH02 | F92: 003200A217 | G92: SIM + thẻ nhớ | O92: Nhận SIM chập chờn | P92: Xử lý lai khay SIM | Q92: Tùng
A93: 89 | B93: GPS Global | C93: 46272 | D93: 46273 | E93: VNSH02 | F93: WP21120135S01425 / 00320023AB | G93: SIM | H93: H | L93: 1.252122e+11 | N93: V3.3.21.6_R23041202 / C43-M01-GD32-MCU-T23060699 | O93: Thiết bị hoạt động bình thường | P93: Nâng cấp FW MCU | Q93: Tùng
A94: 90 | C94: 46272 | D94: 46273 | E94: VNSH02 | F94: 003200D9FD | G94: SIM + thẻ nhớ | H94: Còn BH | L94: 1.252122e+11 | M94: C43_V357_T250530.60/ C43-M01-GD32-MCU-T25011301 | N94: V3.3.21.6_R23041202 / C43-M01-GD32-MCU-T23060699 | O94: Lỗi Module SIM | P94: Thay module SIM | Q94: Tùng
A95: 91 | B95: ĐL SEA | C95: 46272 | D95: 46280 | E95: 51_TG102LE(upg) | F95: 005185070130540 | H95: H | K95: Hết hạn DV | O95: Mất giao tiếp | P95: Nạp lại FW | Q95: Hậu
A96: 92 | C96: 46272 | D96: 46280 | E96: 51_TG102LE(upg) | F96: 005185070146942 | H96: H | O96: Không nhận sim | P96: Xử lý khay sim | Q96: Hậu
A97: 93 | C97: 46272 | D97: 46280 | E97: 51_TG102LE(upg) | F97: 005185070130839 | H97: H | K97: Hết hạn DV | O97: Mất giao tiếp | P97: Nạp lại FW | Q97: Hậu
A98: 94 | C98: 46272 | D98: 46280 | E98: 51_TG102LE(upg) | F98: 005185070147692 | G98: SIM | H98: H | K98: Sim không có dịch vụ, hết hạn DV | O98: Mất giao tiếp | P98: Nạp lại FW | Q98: Hậu
A99: 95 | C99: 46272 | D99: 46280 | E99: 51_TG102LE(upg) | F99: 005185070134690 | G99: SIM | H99: H | K99: Sim không có dịch vụ, hết hạn DV | O99: Mất giao tiếp | P99: Nạp lại FW | Q99: Hậu
A100: 96 | C100: 46272 | D100: 46280 | E100: 86_TG102LE | F100: 868694061567231 | H100: Còn BH | K100: ESIM: 01388780947 | O100: Mất nguồn | P100: Thay IC nguồn | Q100: Hậu
A101: 97 | C101: 46272 | D101: 46280 | E101: 55_TG102LE | F101: 862205051226944 | H101: H | M101: Le4.2.3.05220828 | O101: Thiết bị treo | P101: Nạp lại FW | Q101: Hậu
...

Sheet TongHopXLBH_2503
A1: Báo Cáo Xử Lý Bảo Hành Tháng 09 / 2026
A3: Số lượng thiết bị nhận bảo hành | C3: Model | D3: Số lượng | E3: Tồn BH | F3: Ghi chú | G3: Số lượng thiết bị xử lý của nhân viên
C4: 51_TG102LE(upd) | D4: =COUNTIFS(Sheet1!E:E,TongHopXLBH_2503!C4) -> 41 | E4: =COUNTIFS(Sheet1!E:E,C4,Sheet1!D:D,"") -> 19 | F4: Phát sinh lỗi không nhận phôi SIM Viettel mới trên module A7670E | G4: Nguyễn Minh Tùng | I4: =COUNTIF(Sheet1!Q:Q,"Tùng") -> 85
C5: 51_TG102LE(upg) | D5: =COUNTIFS(Sheet1!E:E,TongHopXLBH_2503!C5) -> 44 | E5: =COUNTIFS(Sheet1!E:E,C5,Sheet1!D:D,"") -> 14 | F5: Phát sinh lỗi không nhận phôi SIM Viettel mới trên module A7670E | G5: Trần Văn Hậu | I5: =COUNTIF(Sheet1!Q:Q,"Hậu") -> 125
C6: 55_TG102LE | D6: =COUNTIFS(Sheet1!E:E,TongHopXLBH_2503!C6) -> 37 | E6: =COUNTIFS(Sheet1!E:E,C6,Sheet1!D:D,"") -> 13 | F6: Phát sinh lỗi không nhận phôi SIM Viettel mới trên module A7670E | G6: Đặng Văn Quang | I6: =COUNTIF(Sheet1!Q:Q,"Quang") -> 0
C7: 56_TG102LE | D7: =COUNTIFS(Sheet1!E:E,TongHopXLBH_2503!C7) -> 24 | E7: =COUNTIFS(Sheet1!E:E,C7,Sheet1!D:D,"") -> 23
C8: 86_TG102LE | D8: =COUNTIFS(Sheet1!E:E,TongHopXLBH_2503!C8) -> 4 | E8: =COUNTIFS(Sheet1!E:E,C8,Sheet1!D:D,"") -> 0 | F8: Phát sinh lỗi không nhận sim
C9: 60_TG102LE | D9: =COUNTIFS(Sheet1!E:E,TongHopXLBH_2503!C9) -> 23 | E9: =COUNTIFS(Sheet1!E:E,C9,Sheet1!D:D,"") -> 10 | F9: Phát sinh lỗi không nhận phôi SIM Viettel mới trên module A7672s
C10: 77_TG102LE | D10: =COUNTIFS(Sheet1!E:E,TongHopXLBH_2503!C10) -> 7 | E10: =COUNTIFS(Sheet1!E:E,C10,Sheet1!D:D,"") -> 2
C11: 80_TG102E | D11: =COUNTIFS(Sheet1!E:E,TongHopXLBH_2503!C11) -> 3 | E11: =COUNTIFS(Sheet1!E:E,C11,Sheet1!D:D,"") -> 2
C12: HUB_H1 | D12: =COUNTIFS(Sheet1!E:E,TongHopXLBH_2503!C12) -> 8 | E12: =COUNTIFS(Sheet1!E:E,C12,Sheet1!D:D,"") -> 6
C13: HUB_H2 | D13: =COUNTIFS(Sheet1!E:E,TongHopXLBH_2503!C13) -> 0 | E13: =COUNTIFS(Sheet1!E:E,C13,Sheet1!D:D,"") -> 0
C14: Card Reader | D14: =COUNTIFS(Sheet1!E:E,TongHopXLBH_2503!C14) -> 8 | E14: =COUNTIFS(Sheet1!E:E,C14,Sheet1!D:D,"") -> 7
C15: ACT-01 | D15: =COUNTIFS(Sheet1!E:E,TongHopXLBH_2503!C15) -> 3 | E15: =COUNTIFS(Sheet1!E:E,C15,Sheet1!D:D,"") -> 1
C16: VNSH01 | D16: =COUNTIFS(Sheet1!E:E,TongHopXLBH_2503!C16) -> 5 | E16: =COUNTIFS(Sheet1!E:E,C16,Sheet1!D:D,"") -> 2
C17: VNSH02 | D17: =COUNTIFS(Sheet1!E:E,TongHopXLBH_2503!C17) -> 47 | E17: =COUNTIFS(Sheet1!E:E,C17,Sheet1!D:D,"") -> 17
C18: VNSH03 | D18: =COUNTIFS(Sheet1!E:E,TongHopXLBH_2503!C18) -> 10 | E18: =COUNTIFS(Sheet1!E:E,C18,Sheet1!D:D,"") -> 8 | F18: Phát sinh lỗi không sáng đèn led
C19: ACT-01 | D19: =COUNTIFS(Sheet1!E:E,TongHopXLBH_2503!C19) -> 3
C20: EV04 | D20: =COUNTIFS(Sheet1!E:E,TongHopXLBH_2503!C20) -> 1 | E20: =COUNTIFS(Sheet1!E:E,C20,Sheet1!D:D,"") -> 0
C21: Phụ kiện | D21: =COUNTIFS(Sheet1!E:E,"*PK_*") -> 1 | E21: =COUNTIFS(Sheet1!E:E,C21,Sheet1!D:D,"") -> 0
C22: Tổng | D22: =SUM(D4:D21) -> 269 | E22: =SUM(E4:E21) -> 124
