Workbook

Sheet Nhập xuất tồn
A1: Danh Sách Thiết Bị Gửi Trên Bảo Hành - Sản Xuất Tháng 02
A2: STT | B2: Tên Sản Phẩm | C2: Đầu Kỳ | D2: Nhập | E2: Xuất | F2: Tồn | G2: Lỗi | H2: Bình Thường
A3: 1 | B3: VNSH01 | C3: ='[1]Nhập xuất tồn'!F3 -> 2 | D3: =Nhập!AH3 -> 0 | E3: =Xuất!AH4+Huỷ!AH3 -> 0 | F3: =C3+D3-E3 -> 2 | G3: 1 | H3: =F3-G3 -> 1
A4: 2 | B4: VNSH02 | C4: ='[1]Nhập xuất tồn'!F4 -> 120 | D4: =Nhập!AH4 -> 72 | E4: =Xuất!AH5+Huỷ!AH4 -> 0 | F4: =C4+D4-E4 -> 192 | G4: 16 | H4: =F4-G4 -> 176
A5: 3 | B5: TG102-E4G | C5: ='[1]Nhập xuất tồn'!F5 -> 0 | D5: =Nhập!AH5 -> 0 | E5: =Xuất!AH6+Huỷ!AH5 -> 0 | F5: =C5+D5-E5 -> 0 | G5: 0 | H5: =F5-G5 -> 0
A6: 4 | B6: TG102-E4G ESIM | C6: ='[1]Nhập xuất tồn'!F6 -> 0 | D6: =Nhập!AH6 -> 0 | E6: =Xuất!AH7 -> 0 | F6: =C6+D6-E6 -> 0 | G6: 0 | H6: =F6-G6 -> 0
A7: 5 | B7: TG102LE-4G(51 Nâng cấp) | C7: ='[1]Nhập xuất tồn'!F7 -> 0 | D7: =Nhập!AH7 -> 0 | E7: =Xuất!AH8 -> 0 | F7: =C7+D7-E7 -> 0 | G7: 0 | H7: =F7-G7 -> 0
A8: 6 | B8: TG102LE-4G(51) | C8: ='[1]Nhập xuất tồn'!F8 -> 0 | D8: =Nhập!AH8 -> 0 | E8: =Xuất!AH9 -> 0 | F8: =C8+D8-E8 -> 0 | G8: 0 | H8: =F8-G8 -> 0
A9: 7 | B9: TG102LE-4G(55) | C9: ='[1]Nhập xuất tồn'!F9 -> 0 | D9: =Nhập!AH9 -> 0 | E9: =Xuất!AH10 -> 0 | F9: =C9+D9-E9 -> 0 | G9: 0 | H9: =F9-G9 -> 0
A10: 8 | B10: TG102LE-4G(56) | C10: ='[1]Nhập xuất tồn'!F10 -> 1 | D10: =Nhập!AH10 -> 0 | E10: =Xuất!AH11 -> 0 | F10: =C10+D10-E10 -> 1 | G10: 0 | H10: =F10-G10 -> 1
A11: 9 | B11: TG102LE-4G(56 ESIM) | C11: ='[1]Nhập xuất tồn'!F11 -> 1 | D11: =Nhập!AH11 -> 0 | E11: =Xuất!AH12 -> 0 | F11: =C11+D11-E11 -> 1 | G11: 0 | H11: =F11-G11 -> 1
A12: 10 | B12: TG102LE-4G(60) | C12: ='[1]Nhập xuất tồn'!F12 -> 1 | D12: =Nhập!AH12 -> 0 | E12: =Xuất!AH13 -> 0 | F12: =C12+D12-E12 -> 1 | G12: 0 | H12: =F12-G12 -> 1
A13: 11 | B13: TG102LE-4G(60 ESIM) | C13: ='[1]Nhập xuất tồn'!F13 -> 0 | D13: =Nhập!AH13 -> 0 | E13: =Xuất!AH14 -> 0 | F13: =C13+D13-E13 -> 0 | G13: 0 | H13: =F13-G13 -> 0
A14: 12 | B14: TG102LE-4G(77) | C14: ='[1]Nhập xuất tồn'!F14 -> 0 | D14: =Nhập!AH14 -> 0 | E14: =Xuất!AH15 -> 0 | F14: =C14+D14-E14 -> 0 | G14: 0 | H14: =F14-G14 -> 0
A15: 13 | B15: TG102LE-4G(77 ESIM) | C15: ='[1]Nhập xuất tồn'!F15 -> 0 | D15: =Nhập!AH15 -> 0 | E15: =Xuất!AH16 -> 0 | F15: =C15+D15-E15 -> 0 | G15: 0 | H15: =F15-G15 -> 0
A16: 14 | B16: CardReder | C16: ='[1]Nhập xuất tồn'!F16 -> 0 | D16: =Nhập!AH16 -> 0 | E16: =Xuất!AH17 -> 0 | F16: =C16+D16-E16 -> 0 | H16: =F16-G16 -> 0
A17: 15 | B17: ACT-01 (Bản cũ) | C17: ='[1]Nhập xuất tồn'!F17 -> 0 | D17: =Nhập!AH17 -> 0 | E17: =Xuất!AH18 -> 0 | F17: =C17+D17-E17 -> 0 | H17: =F17-G17 -> 0
A18: 16 | B18: ACT-01 (Bản mới) | C18: ='[1]Nhập xuất tồn'!F18 -> 0 | D18: =Nhập!AH18 -> 0 | E18: =Xuất!AH19 -> 0 | F18: =C18+D18-E18 -> 0 | H18: =F18-G18 -> 0
A19: 17 | B19: HUB_H1 | C19: ='[1]Nhập xuất tồn'!F19 -> 1 | D19: =Nhập!AH19 -> 0 | E19: =Xuất!AH20 -> 0 | F19: =C19+D19-E19 -> 1 | H19: =F19-G19 -> 1
A20: 18 | B20: HUB_H2 | C20: ='[1]Nhập xuất tồn'!F20 -> 1 | D20: =Nhập!AH20 -> 0 | E20: =Xuất!AH21 -> 0 | F20: =C20+D20-E20 -> 1 | G20: 1 | H20: =F20-G20 -> 0
A21: 19 | B21: Vỏ Hộp LE | C21: ='[1]Nhập xuất tồn'!F21 -> 0 | D21: =Nhập!AH21 -> 0 | E21: =Xuất!AH22 -> 0 | F21: =C21+D21-E21 -> 0 | G21: 0 | H21: =F21-G21 -> 0
A22: 20 | B22: VNSH01 (BH) | C22: ='[1]Nhập xuất tồn'!F22 -> 6 | D22: =Nhập!AH22 -> 0 | E22: =Xuất!AH23 -> 0 | F22: =C22+D22-E22 -> 6 | G22: 0 | H22: =F22-G22 -> 6
A23: 21 | B23: Mắt camera | C23: ='[1]Nhập xuất tồn'!F23 -> 3 | D23: =SUM(Nhập!AH23) -> 0 | E23: =SUM(Xuất!AH24) -> 0 | F23: =SUM(C23+D23)-E23 -> 3 | H23: =SUM(F23-G23) -> 3
A24: Tổng | C24: =SUM(C3:C22) -> 133 | D24: =SUM(D3:D22) -> 72 | E24: =SUM(E3:E22) -> 0 | F24: =SUM(F3:F23) -> 208 | G24: =SUM(G3:G22) -> 18 | H24: =SUM(H3:H23) -> 190

Sheet Nhập
A1: STT | B1: Tên Sản Phẩm | C1: Ngày Nhập | AH1: Tổng
C2: 1 | D2: 2 | E2: 3 | F2: 4 | G2: 5 | H2: 6 | I2: 7 | J2: 8 | K2: 9 | L2: 10 | M2: 11 | N2: 12 | O2: 13 | P2: 14 | Q2: 15 | R2: 16 | S2: 17 | T2: 18 | U2: 19 | V2: 20 | W2: 21 | X2: 22 | Y2: 23 | Z2: 24 | AA2: 25 | AB2: 26 | AC2: 27 | AD2: 28 | AE2: 29 | AF2: 30 | AG2: 31
A3: 1 | B3: VNSH01 | AH3: =SUM(C3:AG3) -> 0
A4: 2 | B4: VNSH02 | D4: 72 | AH4: =SUM(C4:AG4) -> 72
A5: 3 | B5: TG102-E4G | AH5: =SUM(C5:AG5) -> 0
A6: 4 | B6: TG102-E4G ESIM | AH6: =SUM(C6:AG6) -> 0
A7: 5 | B7: TG102LE-4G(51 Nâng cấp) | AH7: =SUM(C7:AG7) -> 0
A8: 6 | B8: TG102LE-4G(51) | AH8: =SUM(C8:AG8) -> 0
A9: 7 | B9: TG102LE-4G(55) | AH9: =SUM(C9:AG9) -> 0
A10: 8 | B10: TG102LE-4G(56) | AH10: =SUM(C10:AG10) -> 0
A11: 9 | B11: TG102LE-4G(56 ESIM) | AH11: =SUM(C11:AG11) -> 0
A12: 10 | B12: TG102LE-4G(60) | AH12: =SUM(C12:AG12) -> 0
A13: 11 | B13: TG102LE-4G(60 ESIM) | AH13: =SUM(C13:AG13) -> 0
A14: 12 | B14: TG102LE-4G(77) | AH14: =SUM(C14:AG14) -> 0
A15: 13 | B15: TG102LE-4G(77 ESIM)
A16: 14 | B16: CardReder
A17: 15 | B17: ACT-01 (Bản cũ) | AH17: =SUM(C17:AG17) -> 0
A18: 16 | B18: ACT-01 (Bản mới) | AH18: =SUM(C18:AG18) -> 0
A19: 17 | B19: HUB_H1 | AH19: =SUM(C19:AG19) -> 0
A20: 18 | B20: HUB_H2
A21: 19 | B21: Vỏ Hộp LE
A22: 20 | B22: VNSH01 (BH)
A23: 21 | B23: Mắt camera | AH23: =SUM(C23:AG23) -> 0

Sheet Xuất
A2: STT | B2: Tên Sản Phẩm | C2: Ngày Xuất | AH2: Tổng
C3: 1 | D3: 2 | E3: 3 | F3: 4 | G3: 5 | H3: 6 | I3: 7 | J3: 8 | K3: 9 | L3: 10 | M3: 11 | N3: 12 | O3: 13 | P3: 14 | Q3: 15 | R3: 16 | S3: 17 | T3: 18 | U3: 19 | V3: 20 | W3: 21 | X3: 22 | Y3: 23 | Z3: 24 | AA3: 25 | AB3: 26 | AC3: 27 | AD3: 28 | AE3: 29 | AF3: 30 | AG3: 31
A4: 1 | B4: VNSH01 | AH4: =SUM(C4:AG4) -> 0
A5: 2 | B5: VNSH02 | AH5: =SUM(C5:AG5) -> 0
A6: 3 | B6: TG102-E4G | AH6: =SUM(C6:AG6) -> 0
A7: 4 | B7: TG102-E4G ESIM | AH7: =SUM(C7:AG7) -> 0
A8: 5 | B8: TG102LE-4G(51 Nâng cấp) | AH8: =SUM(C8:AG8) -> 0
A9: 6 | B9: TG102LE-4G(51) | AH9: =SUM(C9:AG9) -> 0
A10: 7 | B10: TG102LE-4G(55) | AH10: =SUM(C10:AG10) -> 0
A11: 8 | B11: TG102LE-4G(56) | AH11: =SUM(C11:AG11) -> 0
A12: 9 | B12: TG102LE-4G(56 ESIM) | AH12: =SUM(C12:AG12) -> 0
A13: 10 | B13: TG102LE-4G(60) | AH13: =SUM(C13:AG13) -> 0
A14: 11 | B14: TG102LE-4G(60 ESIM) | AH14: =SUM(C14:AG14) -> 0
A15: 12 | B15: TG102LE-4G(77) | AH15: =SUM(C15:AG15) -> 0
... A18: 15 | B18: ACT-01 (Bản cũ) | AH18: =SUM(C18:AG18) -> 0
A19: 16 | B19: ACT-01 (Bản mới)
A20: 17 | B20: HUB_H1
A21: 18 | B21: HUB_H2
A22: 19 | B22: Vỏ Hộp LE
A23: 20 | B23: VNSH01 (BH)
A24: 21 | B24: Mắt camera | AH24: =SUM(C24:AG24) -> 0

Sheet Huỷ
A1: STT | B1: Tên Sản Phẩm | C1: Ngày Nhập | AH1: Tổng
C2: 1 | D2: 2 | E2: 3 | F2: 4 | G2: 5 | H2: 6 | I2: 7 | J2: 8 | K2: 9 | L2: 10 | M2: 11 | N2: 12 | O2: 13 | P2: 14 | Q2: 15 | R2: 16 | S2: 17 | T2: 18 | U2: 19 | V2: 20 | W2: 21 | X2: 22 | Y2: 23 | Z2: 24 | AA2: 25 | AB2: 26 | AC2: 27 | AD2: 28 | AE2: 29 | AF2: 30 | AG2: 31
A3: 1 | B3: VNSH01 | AH3: =SUM(C3:AG3) -> 0
A4: 2 | B4: VNSH02 | AH4: =SUM(C4:AG4) -> 0
A5: 3 | B5: TG102-E4G | AH5: =SUM(C5:AG5) -> 0
A6: 4 | B6: TG102-E4G ESIM | AH6: =SUM(C6:AG6) -> 0
A7: 5 | B7: TG102LE-4G(51 Nâng cấp) | AH7: =SUM(C7:AG7) -> 0
A8: 6 | B8: TG102LE-4G(51) | AH8: =SUM(C8:AG8) -> 0
A9: 7 | B9: TG102LE-4G(55) | AH9: =SUM(C9:AG9) -> 0
A10: 8 | B10: TG102LE-4G(56) | AH10: =SUM(C10:AG10) -> 0
A11: 9 | B11: TG102LE-4G(56 ESIM) | AH11: =SUM(C11:AG11) -> 0
A12: 10 | B12: TG102LE-4G(60) | AH12: =SUM(C12:AG12) -> 0
A13: 11 | B13: TG102LE-4G(60 ESIM) | AH13: =SUM(C13:AG13) -> 0
A14: 12 | B14: TG102LE-4G(77) | AH14: =SUM(C14:AG14) -> 0
... A18: 16 | B18: ACT-01 (Bản mới) | AH18: =SUM(C18:AG18) -> 0
B19: HUB_H1
B20: HUB_H2
B21: Vỏ Hộp LE
B22: VNSH01 (BH)

Sheet Ghi chú
A1: Ngày | B1: Đại lý | C1: TG102LE-4G | D1: VNSH01 | E1: VNSH02 | F1: Trạng thái | G1: Ghi chú
A2: 46055 | B2: Victory | E2: 2 | F2: Đã trả (02/02/26)
B3: GPS Global | D3: 2 | F3: Đã trả (02/02/26)
B4: ĐL Hải Yến | E4: 1 | F4: Đã trả (02/02/26)
B5: ĐL SEA | E5: 6 | F5: Đã trả (03/02/26)
A6: 46056 | B6: ĐL Anh Tuấn BG | E6: 10 | F6: Đã trả (04/02/26)
B7: Tuyên Hằng | E7: 10 | F7: Đã trả (03/02/26)
A8: 46057 | B8: ĐL TranTai | E8: 1 | F8: Đã trả (04/02/26)
B9: GPS Global | D9: 1 | F9: Đã trả (04/02/26)
A10: 46058 | B10: Thành Tâm Nha Trang | E10: 10 | F10: Đã trả (05/02/26)
B11: Anh Tuấn BG | E11: 20 | F11: Đã trả (06/02/26)
A12: 46059 | B12: KL VNET | E12: 1 | F12: Đã trả (06/02/26)
B13: Anh San Lạng Sơn | E13: 10 | F13: Đã trả (06/02/26)
A14: 46060 | B14: Anh Ttrực | E14: 6 | F14: Đã trả (07/02/26)
A15: 46062 | B15: Anh Tuấn BG | E15: 20 | F15: Đã trả (09/02/26)
B16: ĐL SEA | E16: 12 | F16: Đã trả 6 bộ (09/02/26) và 6 bộ (10/02/26)
A17: 46063 | B17: Maxconnect | E17: 10 | F17: Đã trả (10/02/26)
A18: 46064 | B18: Anh Thái QN | E18: 6 | F18: Đã trả (11/02/26)
A19: 46065 | B19: Anh Tuấn NB | D19: 12 | F19: Đã trả (13/02/26)
B20: Anh Tuấn BG | E20: 10 | F20: Đã trả (13/02/26)
A21: 46076 | B21: Anh Trực | E21: 1 | F21: Đã trả (23/02/26)
B22: ĐL Nguyễn Nam | E22: 1 | F22: Đã trả (23/02/26)
B23: LED 3AE | E23: 3 | F23: Đã trả (23/02/26)
A24: 46077 | B24: Anh Tuấn BG | E24: 10 | F24: Đã trả (24/02/26)
B25: Anh Trực | E25: 1 | F25: Đã trả (24/02/26)
B26: Victory | E26: 2 | F26: Đã trả (24/02/26)
A27: 46078 | B27: Anh Tuấn NB | D27: 20 | E27: 100 | F27: Chưa trả | G27: Chuyển qua tháng 03/2026, 20 VNSH01 đã trả
B28: Anh Tuấn BG | E28: 30 | F28: Đã trả (26/02/26)
A29: 46079 | B29: Anh Trực | D29: 3 | E29: 5 | F29: Đã trả (26/02/26)
B30: ĐL Dũng Thu | E30: 1 | F30: Đã trả (26/02/26)
B31: Anh Tuấn BG | E31: 20 | F31: Chưa trả
A32: 46080 | B32: Thành Tâm Nha Trang | E32: 30 | F32: Chưa trả | G32: Chuyển qua tháng 03/2026
A33: 46083 | B33: Thành Tâm Nha Trang | E33: 10 | F33: Chưa trả
B34: Anh Tuấn BG | E34: 10 | F34: Chưa trả
B35: Victory | E35: 2 | F35: Chưa trả
B36: SEA | E36: 30 | F36: Chưa trả
B37: dlrantai | E37: 1 | F37: Chưa trả
D50: =SUM(D2:D32) -> 38 | E50: =SUM(E2:E32) -> 339

Sheet Chốt kho
A1: Danh Sách Thiết Bị Gửi Trên Bảo Hành - Sản Xuất Tháng 02
A2: STT | B2: Tên Sản Phẩm | C2: Đầu Kỳ | D2: Nhập | E2: Xuất | F2: Tồn | G2: Lỗi | H2: Bình Thường
A3: 1 | B3: VNSH01 | C3: =SUM('Nhập xuất tồn'!C3) -> 2 | D3: =SUM('Nhập xuất tồn'!D3) -> 0 | E3: =SUM('Nhập xuất tồn'!E3) -> 0 | F3: =SUM(C3+D3-E3) -> 2 | G3: 1 | H3: =SUM(F3-G3) -> 1
A4: 2 | B4: VNSH02 | C4: =SUM('Nhập xuất tồn'!C4) -> 120 | D4: =SUM('Nhập xuất tồn'!D4) -> 72 | E4: =SUM('Nhập xuất tồn'!E4) -> 0 | F4: =SUM(C4+D4-E4) -> 192 | G4: 14 | H4: =SUM(F4-G4) -> 178
A5: 3 | B5: TG102-E4G | C5: =SUM('Nhập xuất tồn'!C5) -> 0 | D5: =Nhập!AH5 -> 0 | E5: =Xuất!AH6+Huỷ!AH5 -> 0 | F5: =C5+D5-E5 -> 0 | G5: 0 | H5: =SUM(F5-G5) -> 0
A6: 4 | B6: TG102-E4G ESIM | C6: =SUM('Nhập xuất tồn'!C6) -> 0 | D6: =Nhập!AH6 -> 0 | E6: =Xuất!AH7 -> 0 | F6: =C6+D6-E6 -> 0 | G6: 0 | H6: =SUM(F6-G6) -> 0
A7: 5 | B7: TG102LE-4G | C7: =SUM('Nhập xuất tồn'!C7,'Nhập xuất tồn'!C8,'Nhập xuất tồn'!C9,'Nhập xuất tồn'!C12,'Nhập xuất tồn'!C14) -> 1 | D7: =SUM('Nhập xuất tồn'!D7,'Nhập xuất tồn'!D8,'Nhập xuất tồn'!D9,'Nhập xuất tồn'!D12,'Nhập xuất tồn'!D14) -> 0 | E7: =SUM('Nhập xuất tồn'!E7,'Nhập xuất tồn'!E8,'Nhập xuất tồn'!E9,'Nhập xuất tồn'!E12,'Nhập xuất tồn'!E14) -> 0 | F7: =SUM((C7+D7)-E7) -> 1 | G7: 0 | H7: =SUM(F7-G7) -> 1
A8: 6 | B8: TG102LE-4G(ESIM) | C8: =SUM('Nhập xuất tồn'!C13,'Nhập xuất tồn'!C15) -> 0 | D8: =SUM('Nhập xuất tồn'!D13,'Nhập xuất tồn'!D15) -> 0 | E8: =SUM('Nhập xuất tồn'!E13,'Nhập xuất tồn'!E15) -> 0 | F8: =C8+D8-E8 -> 0 | G8: 0 | H8: =SUM(F8-G8) -> 0
A9: 7 | B9: TG102LE-4G(56) | C9: =SUM('Nhập xuất tồn'!C10) -> 1 | D9: =SUM('Nhập xuất tồn'!D10) -> 0 | E9: =SUM('Nhập xuất tồn'!E10) -> 0 | F9: =C9+D9-E9 -> 1 | G9: 0 | H9: =SUM(F9-G9) -> 1
A10: 8 | B10: TG102LE-4G(56 ESIM) | C10: =SUM('Nhập xuất tồn'!C11) -> 1 | D10: =SUM('Nhập xuất tồn'!D11) -> 0 | E10: =SUM('Nhập xuất tồn'!E11) -> 0 | F10: =C10+D10-E10 -> 1 | G10: 0 | H10: =SUM(F10-G10) -> 1
A11: 14 | B11: CardReder | C11: =SUM('Nhập xuất tồn'!C16) -> 0 | D11: =SUM('Nhập xuất tồn'!D16) -> 0 | E11: =SUM('Nhập xuất tồn'!E16) -> 0 | F11: =C11+D11-E11 -> 0 | H11: =SUM(F11-G11) -> 0
A12: 15 | B12: ACT-01 (Bản cũ) | C12: =SUM('Nhập xuất tồn'!C17) -> 0 | D12: =Nhập!AH17 -> 0 | E12: =SUM('Nhập xuất tồn'!E17) -> 0 | F12: =C12+D12-E12 -> 0 | H12: =SUM(F12-G12) -> 0
A13: 16 | B13: ACT-01 (Bản mới) | C13: =SUM('Nhập xuất tồn'!C18) -> 0 | D13: =Nhập!AH18 -> 0 | E13: =SUM('Nhập xuất tồn'!E18) -> 0 | F13: =C13+D13-E13 -> 0 | H13: =SUM(F13-G13) -> 0
A14: 17 | B14: HUB_H1 | C14: =SUM('Nhập xuất tồn'!C19) -> 1 | D14: =Nhập!AH19 -> 0 | E14: =SUM('Nhập xuất tồn'!E19) -> 0 | F14: =C14+D14-E14 -> 1 | H14: =SUM(F14-G14) -> 1
A15: 18 | B15: HUB_H2 | C15: =SUM('Nhập xuất tồn'!C20) -> 1 | D15: =Nhập!AH20 -> 0 | E15: =SUM('Nhập xuất tồn'!E20) -> 0 | F15: =C15+D15-E15 -> 1 | H15: =SUM(F15-G15) -> 1
A16: 19 | B16: Vỏ Hộp LE | C16: =SUM('Nhập xuất tồn'!C21) -> 0 | D16: =Nhập!AH21 -> 0 | E16: =SUM('Nhập xuất tồn'!E21) -> 0 | F16: =C16+D16-E16 -> 0 | G16: 0 | H16: =SUM(F16-G16) -> 0
A17: 20 | B17: VNSH01 (BH) | C17: =SUM('Nhập xuất tồn'!C22) -> 6 | D17: =Nhập!AH22 -> 0 | E17: =SUM('Nhập xuất tồn'!E22) -> 0 | F17: =SUM(C17+D17-E17) -> 6 | G17: 0 | H17: =SUM(F17-G17) -> 6
A18: 21 | B18: Mắt Camera | C18: ='Nhập xuất tồn'!C23 -> 3 | D18: ='Nhập xuất tồn'!D23 -> 0 | E18: ='Nhập xuất tồn'!E23 -> 0 | F18: ='Nhập xuất tồn'!F23 -> 3 | G18: ='Nhập xuất tồn'!G23 -> 0 | H18: ='Nhập xuất tồn'!H23 -> 3
A19: Tổng | C19: =SUM(C3:C17) -> 133 | D19: =SUM(D3:D17) -> 72 | E19: =SUM(E3:E17) -> 0 | F19: =SUM(F3:F18) -> 208 | G19: =SUM(G3:G17) -> 15 | H19: =SUM(H3:H18) -> 193
