Workbook

Sheet Nhập xuất tồn
A1: Danh Sách Thiết Bị Gửi Trên Bảo Hành - Sản Xuất Tháng 01
A2: STT | B2: Tên Sản Phẩm | C2: Đầu Kỳ | D2: Nhập | E2: Xuất | F2: Tồn | G2: Lỗi | H2: Bình Thường
A3: 1 | B3: VNSH01 | C3: 7 | D3: =Nhập!AH3 -> 32 | E3: =Xuất!AH4+Huỷ!AH3 -> 37 | F3: =C3+D3-E3 -> 2 | G3: 0 | H3: =F3-G3 -> 2
A4: 2 | B4: VNSH02 | C4: 144 | D4: =Nhập!AH4 -> 0 | E4: =Xuất!AH5+Huỷ!AH4 -> 45 | F4: =C4+D4-E4 -> 99 | G4: 11 | H4: =F4-G4 -> 88
A5: 3 | B5: TG102-E4G | C5: 0 | D5: =Nhập!AH5 -> 4 | E5: =Xuất!AH6+Huỷ!AH5 -> 0 | F5: =C5+D5-E5 -> 4 | G5: 0 | H5: =F5-G5 -> 4
A6: 4 | B6: TG102-E4G ESIM | C6: 0 | D6: =Nhập!AH6 -> 4 | E6: =Xuất!AH6 -> 0 | F6: =C6+D6-E6 -> 4 | G6: 0 | H6: =F6-G6 -> 4
A7: 5 | B7: TG102LE-4G(51 Nâng cấp) | C7: 0 | D7: =Nhập!AH7 -> 0 | E7: =Xuất!AH7 -> 0 | F7: =C7+D7-E7 -> 0 | G7: 0 | H7: =F7-G7 -> 0
A8: 6 | B8: TG102LE-4G(51) | C8: 0 | D8: =Nhập!AH8 -> 1 | E8: =Xuất!AH8 -> 0 | F8: =C8+D8-E8 -> 1 | G8: 0 | H8: =F8-G8 -> 1
A9: 7 | B9: TG102LE-4G(55) | C9: 0 | D9: =Nhập!AH9 -> 1 | E9: =Xuất!AH9 -> 0 | F9: =C9+D9-E9 -> 1 | G9: 0 | H9: =F9-G9 -> 1
A10: 8 | B10: TG102LE-4G(56) | C10: 0 | D10: =Nhập!AH10 -> 8 | E10: =Xuất!AH10 -> 0 | F10: =C10+D10-E10 -> 8 | G10: 0 | H10: =F10-G10 -> 8
A11: 9 | B11: TG102LE-4G(56 ESIM) | C11: 0 | D11: =Nhập!AH11 -> 0 | E11: =Xuất!AH11 -> 0 | F11: =C11+D11-E11 -> 0 | G11: 0 | H11: =F11-G11 -> 0
A12: 10 | B12: TG102LE-4G(60) | C12: 0 | D12: =Nhập!AH12 -> 1 | E12: =Xuất!AH12 -> 0 | F12: =C12+D12-E12 -> 1 | G12: 0 | H12: =F12-G12 -> 1
A13: 11 | B13: TG102LE-4G(60 ESIM) | C13: 0 | D13: =Nhập!AH13 -> 0 | E13: =Xuất!AH13 -> 0 | F13: =C13+D13-E13 -> 0 | G13: 0 | H13: =F13-G13 -> 0
A14: 12 | B14: TG102LE-4G(77) | C14: 0 | D14: =Nhập!AH14 -> 0 | E14: =Xuất!AH14 -> 0 | F14: =C14+D14-E14 -> 0 | G14: 0 | H14: =F14-G14 -> 0
A15: 13 | B15: TG102LE-4G(77 ESIM) | C15: 0 | D15: =Nhập!AH15 -> 0 | E15: =Xuất!AH15 -> 0 | F15: =C15+D15-E15 -> 0 | G15: 0 | H15: =F15-G15 -> 0
A16: 14 | B16: CardReder | D16: =Nhập!AH16 -> 0 | E16: =Xuất!AH16 -> 0 | F16: =C16+D16-E16 -> 0 | H16: =F16-G16 -> 0
A17: 15 | B17: ACT-01 (Bản cũ) | D17: =Nhập!AH17 -> 4 | E17: =Xuất!AH17 -> 0 | F17: =C17+D17-E17 -> 4 | H17: =F17-G17 -> 4
A18: 16 | B18: ACT-01 (Bản mới) | D18: =Nhập!AH18 -> 0 | E18: =Xuất!AH18 -> 0 | F18: =C18+D18-E18 -> 0 | H18: =F18-G18 -> 0
A19: 17 | B19: HUB_H1 | D19: =Nhập!AH19 -> 0 | E19: =Xuất!AH19 -> 0 | F19: =C19+D19-E19 -> 0 | H19: =F19-G19 -> 0
A20: 18 | B20: HUB_H2 | D20: =Nhập!AH20 -> 0 | E20: =Xuất!AH20 -> 0 | F20: =C20+D20-E20 -> 0 | H20: =F20-G20 -> 0
A21: 19 | B21: Vỏ Hộp LE | C21: 0 | D21: =Nhập!AH21 -> 0 | E21: =Xuất!AH21 -> 0 | F21: =C21+D21-E21 -> 0 | G21: 0 | H21: =F21-G21 -> 0
A22: 20 | B22: VNSH01 (BH) | C22: 6 | D22: =Nhập!AH22 -> 0 | E22: =Xuất!AH22 -> 0 | F22: =C22+D22-E22 -> 6 | G22: 0 | H22: =F22-G22 -> 6
F24: =SUM(F3:F22) -> 130

Sheet Nhập
A1: STT | B1: Tên Sản Phẩm | C1: Ngày Nhập | AH1: Tổng
C2: 1 | D2: 2 | E2: 3 | F2: 4 | G2: 5 | H2: 6 | I2: 7 | J2: 8 | K2: 9 | L2: 10 | M2: 11 | N2: 12 | O2: 13 | P2: 14 | Q2: 15 | R2: 16 | S2: 17 | T2: 18 | U2: 19 | V2: 20 | W2: 21 | X2: 22 | Y2: 23 | Z2: 24 | AA2: 25 | AB2: 26 | AC2: 27 | AD2: 28 | AE2: 29 | AF2: 30 | AG2: 31
A3: 1 | B3: VNSH01 | G3: 32 | AH3: =SUM(C3:AG3) -> 32
A4: 2 | B4: VNSH02 | AH4: =SUM(C4:AG4) -> 0
A5: 3 | B5: TG102-E4G | L5: 4 | AH5: =SUM(C5:AG5) -> 4
A6: 4 | B6: TG102-E4G ESIM | L6: 4 | AH6: =SUM(C6:AG6) -> 4
A7: 5 | B7: TG102LE-4G(51 Nâng cấp) | AH7: =SUM(C7:AG7) -> 0
A8: 6 | B8: TG102LE-4G(51) | L8: 1 | AH8: =SUM(C8:AG8) -> 1
A9: 7 | B9: TG102LE-4G(55) | L9: 1 | AH9: =SUM(C9:AG9) -> 1
A10: 8 | B10: TG102LE-4G(56) | J10: 4 | K10: 4 | AH10: =SUM(C10:AG10) -> 8
A11: 9 | B11: TG102LE-4G(56 ESIM) | AH11: =SUM(C11:AG11) -> 0
A12: 10 | B12: TG102LE-4G(60) | L12: 1 | AH12: =SUM(C12:AG12) -> 1
A13: 11 | B13: TG102LE-4G(60 ESIM)
A14: 12 | B14: TG102LE-4G(77)
A15: 13 | B15: TG102LE-4G(77 ESIM)
A16: 14 | B16: CardReder
A17: 15 | B17: ACT-01 (Bản cũ) | L17: 4 | AH17: =SUM(C17:AG17) -> 4
A18: 16 | B18: ACT-01 (Bản mới) | AH18: =SUM(C18:AG18) -> 0
A19: 17 | B19: HUB_H1 | AH19: =SUM(C19:AG19) -> 0
A20: 18 | B20: HUB_H2
A21: 19 | B21: Vỏ Hộp LE
A22: 20 | B22: VNSH01 (BH)

Sheet Xuất
A2: STT | B2: Tên Sản Phẩm | C2: Ngày Xuất | AH2: Tổng
C3: 1 | D3: 2 | E3: 3 | F3: 4 | G3: 5 | H3: 6 | I3: 7 | J3: 8 | K3: 9 | L3: 10 | M3: 11 | N3: 12 | O3: 13 | P3: 14 | Q3: 15 | R3: 16 | S3: 17 | T3: 18 | U3: 19 | V3: 20 | W3: 21 | X3: 22 | Y3: 23 | Z3: 24 | AA3: 25 | AB3: 26 | AC3: 27 | AD3: 28 | AE3: 29 | AF3: 30 | AG3: 31
A4: 1 | B4: VNSH01 | H4: 1 | K4: 36 | AH4: =SUM(C4:AG4) -> 37
A5: 2 | B5: VNSH02 | G5: 7 | H5: 16 | I5: 2 | K5: 10 | N5: 10 | AH5: =SUM(C5:AG5) -> 45
A6: 3 | B6: TG102-E4G | AH6: =SUM(C6:AG6) -> 0
A7: 4 | B7: TG102-E4G ESIM | AH7: =SUM(C7:AG7) -> 0
A8: 5 | B8: TG102LE-4G(51 Nâng cấp) | AH8: =SUM(C8:AG8) -> 0
A9: 7 | B9: TG102LE-4G(51) | AH9: =SUM(C9:AG9) -> 0
A10: 8 | B10: TG102LE-4G(55) | AH10: =SUM(C10:AG10) -> 0
A11: 9 | B11: TG102LE-4G(56) | AH11: =SUM(C11:AG11) -> 0
A12: 10 | B12: TG102LE-4G(56 ESIM) | AH12: =SUM(C12:AG12) -> 0
A13: 11 | B13: TG102LE-4G(60) | AH13: =SUM(C13:AG13) -> 0
A14: 12 | B14: TG102LE-4G(60 ESIM) | AH14: =SUM(C14:AG14) -> 0
A15: 13 | B15: TG102LE-4G(77) | AH15: =SUM(C15:AG15) -> 0
A16: 14 | B16: TG102LE-4G(77 ESIM) | AH16: =SUM(C16:AG16) -> 0
A17: 15 | B17: CardReder | AH17: =SUM(C17:AG17) -> 0
A18: 16 | B18: ACT-01 (Bản cũ) | AH18: =SUM(C18:AG18) -> 0
B19: ACT-01 (Bản mới)
B20: HUB_H1
B21: HUB_H2
B22: Vỏ Hộp LE
B23: VNSH01 (BH)

Sheet Huỷ
A1: STT | B1: Tên Sản Phẩm | C1: Ngày Nhập | AH1: Tổng
C2: 1 | D2: 2 | E2: 3 | F2: 4 | G2: 5 | H2: 6 | I2: 7 | J2: 8 | K2: 9 | L2: 10 | M2: 11 | N2: 12 | O2: 13 | P2: 14 | Q2: 15 | R2: 16 | S2: 17 | T2: 18 | U2: 19 | V2: 20 | W2: 21 | X2: 22 | Y2: 23 | Z2: 24 | AA2: 25 | AB2: 26 | AC2: 27 | AD2: 28 | AE2: 29 | AF2: 30 | AG2: 31
A3: 1 | B3: VNSH01 | AH3: =SUM(C3:AG3) -> 0
A4: 2 | B4: VNSH02 | AH4: =SUM(C4:AG4) -> 0
A5: 3 | B5: TG102-E4G | AH5: =SUM(C5:AG5) -> 0
A6: 4 | B6: TG102-E4G ESIM | AH6: =SUM(C6:AG6) -> 0
A7: 5 | B7: TG102LE-4G(51 Nâng cấp) | AH7: =SUM(C7:AG7) -> 0
A8: 6 | B8: TG102LE-4G(51) | AH8: =SUM(C8:AG8) -> 0
A9: 7 | B9: TG102LE-4G(55) | AH9: =SUM(C9:AG9) -> 0
A10: 8 | B10: TG102LE-4G(56) | AH10: =SUM(C10:AG10) -> 0
A11: 9 | B11: TG102LE-4G(56 ESIM) | AH11: =SUM(C11:AG11) -> 0
A12: 10 | B12: TG102LE-4G(60) | AH12: =SUM(C12:AG12) -> 0
A13: 11 | B13: TG102LE-4G(60 ESIM) | AH13: =SUM(C13:AG13) -> 0
A14: 12 | B14: TG102LE-4G(77) | AH14: =SUM(C14:AG14) -> 0
... A18: 16 | B18: ACT-01 (Bản mới) | AH18: =SUM(C18:AG18) -> 0
B19: HUB_H1
B20: HUB_H2
B21: Vỏ Hộp LE
B22: VNSH01 (BH)

Sheet Ghi chú
A1: Ngày | B1: Đại lý | C1: VNSH01 | D1: VNSH02 | E1: Trạng thái
A2: 45662 | B2: ĐL SEA | D2: 6 | E2: Đã trả (05/01/26)
B3: ĐL anh Tuấn NB | C3: 32 | E3: Đã trả (09/01/26)
B4: Gsatcom | D4: 10 | E4: Đã trả (06/01/26)
B5: ĐL Hay Huế | D5: 1 | E5: Đã trả (05/01/26)
A6: 45663 | B6: ĐL GPS Global | D6: 6 | E6: Đã trả (06/01/26)
B7: ĐL anh Ân Thái Bình | C7: 1 | E7: Đã trả (06/01/26)
A8: 45664 | B8: ĐL anh Tuấn NB | C8: 4 | E8: Đã trả (09/01/26)
B9: Victory | D9: 2 | E9: Đã trả (07/01/26)
A10: 45665 | B10: Anh Tuấn BG | D10: 10 | E10: Đã trả (09/01/26)
A11: 45666 | B11: ĐL SEA | D11: 3 | E11: Lực KD không lấy nữa
A12: 45669 | B12: Anh Tuấn BG | D12: 10 | E12: Đã trả (12/01/26)

Sheet Chốt Kho
A1: Danh Sách Thiết Bị Gửi Trên Bảo Hành - Sản Xuất Tháng 01
A2: STT | B2: Tên Sản Phẩm | C2: Đầu Kỳ | D2: Nhập | E2: Xuất | F2: Tồn | G2: Lỗi | H2: Bình Thường
A3: 1 | B3: VNSH01 | C3: 7 | D3: =SUM('Nhập xuất tồn'!D3) -> 32 | E3: =SUM('Nhập xuất tồn'!E3) -> 37 | F3: =SUM(C3+D3-E3) -> 2 | G3: 0 | H3: =SUM(F3-G3) -> 2
A4: 2 | B4: VNSH02 | C4: 144 | D4: =SUM('Nhập xuất tồn'!D4) -> 0 | E4: =SUM('Nhập xuất tồn'!E4) -> 45 | F4: =SUM(C4+D4-E4) -> 99 | G4: 11 | H4: =SUM(F4-G4) -> 88
A5: 3 | B5: TG102-E4G | C5: 0 | D5: =Nhập!AH5 -> 4 | E5: =Xuất!AH6+Huỷ!AH5 -> 0 | F5: =C5+D5-E5 -> 4 | G5: 0 | H5: =SUM(F5-G5) -> 4
A6: 4 | B6: TG102-E4G ESIM | C6: 0 | D6: =Nhập!AH6 -> 4 | E6: =Xuất!AH6 -> 0 | F6: =C6+D6-E6 -> 4 | G6: 0 | H6: =SUM(F6-G6) -> 4
A7: 5 | B7: TG102LE-4G | C7: 0 | D7: =SUM('Nhập xuất tồn'!D7,'Nhập xuất tồn'!D8,'Nhập xuất tồn'!D9,'Nhập xuất tồn'!D12,'Nhập xuất tồn'!D14) -> 3 | E7: =Xuất!AH7 -> 0 | F7: =C7+D7-E7 -> 3 | G7: 0 | H7: =SUM(F7-G7) -> 3
A8: 6 | B8: TG102LE-4G(ESIM) | C8: 0 | D8: =SUM('Nhập xuất tồn'!D13,'Nhập xuất tồn'!D15) -> 0 | E8: =Xuất!AH8 -> 0 | F8: =C8+D8-E8 -> 0 | G8: 0 | H8: =SUM(F8-G8) -> 0
A9: 7 | B9: TG102LE-4G(56) | C9: 0 | D9: =SUM('Nhập xuất tồn'!D10) -> 8 | E9: =Xuất!AH9 -> 0 | F9: =C9+D9-E9 -> 8 | G9: 0 | H9: =SUM(F9-G9) -> 8
A10: 8 | B10: TG102LE-4G(56 ESIM) | C10: 0 | D10: =SUM('Nhập xuất tồn'!D11) -> 0 | E10: =Xuất!AH10 -> 0 | F10: =C10+D10-E10 -> 0 | G10: 0 | H10: =SUM(F10-G10) -> 0
A11: 14 | B11: CardReder | D11: =SUM('Nhập xuất tồn'!D16) -> 0 | E11: =Xuất!AH16 -> 0 | F11: =C11+D11-E11 -> 0 | H11: =SUM(F11-G11) -> 0
A12: 15 | B12: ACT-01 (Bản cũ) | D12: =Nhập!AH17 -> 4 | E12: =Xuất!AH17 -> 0 | F12: =C12+D12-E12 -> 4 | H12: =SUM(F12-G12) -> 4
A13: 16 | B13: ACT-01 (Bản mới) | D13: =Nhập!AH18 -> 0 | E13: =Xuất!AH18 -> 0 | F13: =C13+D13-E13 -> 0 | H13: =SUM(F13-G13) -> 0
A14: 17 | B14: HUB_H1 | D14: =Nhập!AH19 -> 0 | E14: =Xuất!AH19 -> 0 | F14: =C14+D14-E14 -> 0 | H14: =SUM(F14-G14) -> 0
A15: 18 | B15: HUB_H2 | D15: =Nhập!AH20 -> 0 | E15: =Xuất!AH20 -> 0 | F15: =C15+D15-E15 -> 0 | H15: =SUM(F15-G15) -> 0
A16: 19 | B16: Vỏ Hộp LE | C16: 0 | D16: =Nhập!AH21 -> 0 | E16: =Xuất!AH21 -> 0 | F16: =C16+D16-E16 -> 0 | G16: 0 | H16: =SUM(F16-G16) -> 0
A17: 20 | B17: VNSH01 (BH) | C17: =SUM('Nhập xuất tồn'!C22) -> 6 | D17: =Nhập!AH22 -> 0 | E17: =Xuất!AH22 -> 0 | F17: =SUM(C17+D17-E17) -> 6 | G17: 0 | H17: =SUM(F17-G17) -> 6
A18: Tổng | C18: =SUM(C3:C17) -> 157 | D18: =SUM(D3:D17) -> 55 | E18: =SUM(E3:E17) -> 82 | F18: =SUM(F3:F17) -> 130 | G18: =SUM(G3:G17) -> 11 | H18: =SUM(H3:H17) -> 119
